stage_index,stage_slug,human_notation,layer,role,relative_path,sha256,bytes,scope_note
1,source_field,"I_0(x,y)",base,numeric visual source,01_workflow_stages/01_source_field/00_base.png,b596f08b15e89c9d1b57b1da01959a650d5d7e6fa08f2de8754019b424d2b976,477369,Derived visual-learning workflow. The canonical H5 supplies the numeric field; human notation is intentionally constructed as structural geometry and is not claimed to exist semantically in the source H5.
1,source_field,"I_0(x,y)",visible,high visibility embedding,01_workflow_stages/01_source_field/01_visible.png,89288e14231b1ada718d09173147764bb3311d6e7efdb84707b0b0c22b38ffd2,483113,Derived visual-learning workflow. The canonical H5 supplies the numeric field; human notation is intentionally constructed as structural geometry and is not claimed to exist semantically in the source H5.
1,source_field,"I_0(x,y)",balanced,balanced embedding,01_workflow_stages/01_source_field/02_balanced.png,548dad1b078ec9308fe6a8a8a93b1a4b5d38f038c0c9719971a45150ba275f86,482270,Derived visual-learning workflow. The canonical H5 supplies the numeric field; human notation is intentionally constructed as structural geometry and is not claimed to exist semantically in the source H5.
1,source_field,"I_0(x,y)",structural,base-preserving structural embedding,01_workflow_stages/01_source_field/03_structural.png,eb528af127666ea53cf6ee406418ed9f9c5b9d18b7e0d71a0dc296dbcb617d7c,480486,Derived visual-learning workflow. The canonical H5 supplies the numeric field; human notation is intentionally constructed as structural geometry and is not claimed to exist semantically in the source H5.
1,source_field,"I_0(x,y)",mask,human-symbol structural mask,01_workflow_stages/01_source_field/04_mask.png,08c925cc0989a0fd6fe8ef4a8e3a7fbbe973af8d826009d2df7b75af3d34e539,33897,Derived visual-learning workflow. The canonical H5 supplies the numeric field; human notation is intentionally constructed as structural geometry and is not claimed to exist semantically in the source H5.
1,source_field,"I_0(x,y)",projection,temporal projection map,01_workflow_stages/01_source_field/05_projection_map.png,a263cb93410be2d451e9c606579dccb7075e88ab78d3f2d2850bf0769b07384b,50440,Derived visual-learning workflow. The canonical H5 supplies the numeric field; human notation is intentionally constructed as structural geometry and is not claimed to exist semantically in the source H5.
1,source_field,"I_0(x,y)",motion,motion energy,01_workflow_stages/01_source_field/06_motion_energy.png,94077d7f985c38a18299948c7137a77356b3d41b23b5fd104febaa0a712ebe0e,58667,Derived visual-learning workflow. The canonical H5 supplies the numeric field; human notation is intentionally constructed as structural geometry and is not claimed to exist semantically in the source H5.
1,source_field,"I_0(x,y)",delta,temporal delta,01_workflow_stages/01_source_field/07_temporal_delta.png,0c54ddc7ab6a32e6ea0f39265037891f8bbb720278e36d9610a33b3663565160,63428,Derived visual-learning workflow. The canonical H5 supplies the numeric field; human notation is intentionally constructed as structural geometry and is not claimed to exist semantically in the source H5.
1,source_field,"I_0(x,y)",frames,eight-frame temporal sheet,01_workflow_stages/01_source_field/08_framesheet.png,0b9c27c5aa129ad3685cda65741ac709fd4200aa688d029bf7a3b0079aaea5b1,1242850,Derived visual-learning workflow. The canonical H5 supplies the numeric field; human notation is intentionally constructed as structural geometry and is not claimed to exist semantically in the source H5.
1,source_field,"I_0(x,y)",patch,numeric temporal training patch,01_workflow_stages/01_source_field/09_temporal_patch.mat,a9ff720cb91ef17aa2c232f7eb4368a29964ab82456e8d72a242a0fe9914da14,5331777,Derived visual-learning workflow. The canonical H5 supplies the numeric field; human notation is intentionally constructed as structural geometry and is not claimed to exist semantically in the source H5.
2,display_transform,I_A = T_A[I_0],base,numeric visual source,01_workflow_stages/02_display_transform/00_base.png,bdff0a282123823203646df0a893e9d92a508365f22db9fd94b9cf857c47929f,500248,Derived visual-learning workflow. The canonical H5 supplies the numeric field; human notation is intentionally constructed as structural geometry and is not claimed to exist semantically in the source H5.
2,display_transform,I_A = T_A[I_0],visible,high visibility embedding,01_workflow_stages/02_display_transform/01_visible.png,f2bfc42f1972b3b30eda5262e4c213a353dd2e38f35fb50aa9b3a51c78440cbe,506810,Derived visual-learning workflow. The canonical H5 supplies the numeric field; human notation is intentionally constructed as structural geometry and is not claimed to exist semantically in the source H5.
2,display_transform,I_A = T_A[I_0],balanced,balanced embedding,01_workflow_stages/02_display_transform/02_balanced.png,e460f3e90b6cefe9fc2d3b26ef1f849921b84cb180257acdb1ff671d1bf72311,505201,Derived visual-learning workflow. The canonical H5 supplies the numeric field; human notation is intentionally constructed as structural geometry and is not claimed to exist semantically in the source H5.
2,display_transform,I_A = T_A[I_0],structural,base-preserving structural embedding,01_workflow_stages/02_display_transform/03_structural.png,543475b6343b4e6ad27f981515e2d1bb7059d851f56bffbb97d4cebf1308de8f,503007,Derived visual-learning workflow. The canonical H5 supplies the numeric field; human notation is intentionally constructed as structural geometry and is not claimed to exist semantically in the source H5.
2,display_transform,I_A = T_A[I_0],mask,human-symbol structural mask,01_workflow_stages/02_display_transform/04_mask.png,1f0fc4ffa64354a93ec93a2ca4dad70c6f941a999ac1a69f81585149993ae5c7,38180,Derived visual-learning workflow. The canonical H5 supplies the numeric field; human notation is intentionally constructed as structural geometry and is not claimed to exist semantically in the source H5.
2,display_transform,I_A = T_A[I_0],projection,temporal projection map,01_workflow_stages/02_display_transform/05_projection_map.png,99341b9395234ad875d2d8300467cfdca2d6fbcd24ebdfb246dc773c9194ecbe,55348,Derived visual-learning workflow. The canonical H5 supplies the numeric field; human notation is intentionally constructed as structural geometry and is not claimed to exist semantically in the source H5.
2,display_transform,I_A = T_A[I_0],motion,motion energy,01_workflow_stages/02_display_transform/06_motion_energy.png,749bb50f7ec042e141f769d9a31677822a19ef4163d1fb5df5dfb144d883d89e,64060,Derived visual-learning workflow. The canonical H5 supplies the numeric field; human notation is intentionally constructed as structural geometry and is not claimed to exist semantically in the source H5.
2,display_transform,I_A = T_A[I_0],delta,temporal delta,01_workflow_stages/02_display_transform/07_temporal_delta.png,24a76a48f9176f453ed410ee3377a7653746ce2d60b0a24002cae8c98c3ac791,70250,Derived visual-learning workflow. The canonical H5 supplies the numeric field; human notation is intentionally constructed as structural geometry and is not claimed to exist semantically in the source H5.
2,display_transform,I_A = T_A[I_0],frames,eight-frame temporal sheet,01_workflow_stages/02_display_transform/08_framesheet.png,fc1a44619bb579d673b94a8c0ebfe7baae75eb8a14205201b7ac7c70e26a7d9f,1309876,Derived visual-learning workflow. The canonical H5 supplies the numeric field; human notation is intentionally constructed as structural geometry and is not claimed to exist semantically in the source H5.
2,display_transform,I_A = T_A[I_0],patch,numeric temporal training patch,01_workflow_stages/02_display_transform/09_temporal_patch.mat,bc041c6df4ea3ab1478e57abe1dfa21ccfe11fb6288a3a52c514642f0ee4cd3f,5540269,Derived visual-learning workflow. The canonical H5 supplies the numeric field; human notation is intentionally constructed as structural geometry and is not claimed to exist semantically in the source H5.
3,multiscale_field,G_{sigma_k} * I_0,base,numeric visual source,01_workflow_stages/03_multiscale_field/00_base.png,aa5a23f1b5016c5784bd1777d0e139f5a18b3dc33c4d61b00c8d581945c019a1,414365,Derived visual-learning workflow. The canonical H5 supplies the numeric field; human notation is intentionally constructed as structural geometry and is not claimed to exist semantically in the source H5.
3,multiscale_field,G_{sigma_k} * I_0,visible,high visibility embedding,01_workflow_stages/03_multiscale_field/01_visible.png,896e4ec56692e47909e0a81e7bf475fac2ae6d1347936991132af2bc5883e217,424237,Derived visual-learning workflow. The canonical H5 supplies the numeric field; human notation is intentionally constructed as structural geometry and is not claimed to exist semantically in the source H5.
3,multiscale_field,G_{sigma_k} * I_0,balanced,balanced embedding,01_workflow_stages/03_multiscale_field/02_balanced.png,911d207ec016a5997983435da7562b45df934be684f34ac3e04183a75ffde93d,422410,Derived visual-learning workflow. The canonical H5 supplies the numeric field; human notation is intentionally constructed as structural geometry and is not claimed to exist semantically in the source H5.
3,multiscale_field,G_{sigma_k} * I_0,structural,base-preserving structural embedding,01_workflow_stages/03_multiscale_field/03_structural.png,c467da70892340fc0708097d441e6ca3221338ede8c8079183cd34caad1b0a07,418770,Derived visual-learning workflow. The canonical H5 supplies the numeric field; human notation is intentionally constructed as structural geometry and is not claimed to exist semantically in the source H5.
3,multiscale_field,G_{sigma_k} * I_0,mask,human-symbol structural mask,01_workflow_stages/03_multiscale_field/04_mask.png,e907c1a75b3e0aabbd505d1837ed8113575e44cd95b34c49f65cd1a1baaa5cf9,36600,Derived visual-learning workflow. The canonical H5 supplies the numeric field; human notation is intentionally constructed as structural geometry and is not claimed to exist semantically in the source H5.
3,multiscale_field,G_{sigma_k} * I_0,projection,temporal projection map,01_workflow_stages/03_multiscale_field/05_projection_map.png,9b693fba7c7f21e06312f977629f4ac0e6ff6abe818c8dce5ab25cf83079065d,47011,Derived visual-learning workflow. The canonical H5 supplies the numeric field; human notation is intentionally constructed as structural geometry and is not claimed to exist semantically in the source H5.
3,multiscale_field,G_{sigma_k} * I_0,motion,motion energy,01_workflow_stages/03_multiscale_field/06_motion_energy.png,69ee625253d08f5cc5c2c51b1d8663768756d112f62c6a7057e98718fd5e2f29,57052,Derived visual-learning workflow. The canonical H5 supplies the numeric field; human notation is intentionally constructed as structural geometry and is not claimed to exist semantically in the source H5.
3,multiscale_field,G_{sigma_k} * I_0,delta,temporal delta,01_workflow_stages/03_multiscale_field/07_temporal_delta.png,ec48c2585f7609081e22edce4ab048c9a4459eab622f81877c5549a607e5dc92,61444,Derived visual-learning workflow. The canonical H5 supplies the numeric field; human notation is intentionally constructed as structural geometry and is not claimed to exist semantically in the source H5.
3,multiscale_field,G_{sigma_k} * I_0,frames,eight-frame temporal sheet,01_workflow_stages/03_multiscale_field/08_framesheet.png,6654e4fb4b60a3dc7753a6d60ab13e4aa20301d993eae1f4ac69baafbfe4b7d5,1120974,Derived visual-learning workflow. The canonical H5 supplies the numeric field; human notation is intentionally constructed as structural geometry and is not claimed to exist semantically in the source H5.
3,multiscale_field,G_{sigma_k} * I_0,patch,numeric temporal training patch,01_workflow_stages/03_multiscale_field/09_temporal_patch.mat,b1493ee87fe4477aa267728afda50e28db8766b173b913b12cf4ce07d3f4b275,5400671,Derived visual-learning workflow. The canonical H5 supplies the numeric field; human notation is intentionally constructed as structural geometry and is not claimed to exist semantically in the source H5.
4,gradient_field,nabla I_0,base,numeric visual source,01_workflow_stages/04_gradient_field/00_base.png,40254b73fe41b59bfdd305036f1fe6f0a8aeeee0bed77d66c8c406ee8bcc3496,482989,Derived visual-learning workflow. The canonical H5 supplies the numeric field; human notation is intentionally constructed as structural geometry and is not claimed to exist semantically in the source H5.
4,gradient_field,nabla I_0,visible,high visibility embedding,01_workflow_stages/04_gradient_field/01_visible.png,be6804125239cb7b59b61d4c6a60867f05ee603972d5bbe2292869f9b0888cbf,486753,Derived visual-learning workflow. The canonical H5 supplies the numeric field; human notation is intentionally constructed as structural geometry and is not claimed to exist semantically in the source H5.
4,gradient_field,nabla I_0,balanced,balanced embedding,01_workflow_stages/04_gradient_field/02_balanced.png,aa5e86609bff9955df72a0c78b512516710e2ebde4eb695cd13e063ddc392e27,486312,Derived visual-learning workflow. The canonical H5 supplies the numeric field; human notation is intentionally constructed as structural geometry and is not claimed to exist semantically in the source H5.
4,gradient_field,nabla I_0,structural,base-preserving structural embedding,01_workflow_stages/04_gradient_field/03_structural.png,a00d41bb17ce3cd177b91b77b5af5a2d91955fdbf58542a5e33956b93c461f1f,484927,Derived visual-learning workflow. The canonical H5 supplies the numeric field; human notation is intentionally constructed as structural geometry and is not claimed to exist semantically in the source H5.
4,gradient_field,nabla I_0,mask,human-symbol structural mask,01_workflow_stages/04_gradient_field/04_mask.png,fc24312bd7cadaf4cd24a4896e435d8d59609ffbecd82972f1f5327577365dcf,30884,Derived visual-learning workflow. The canonical H5 supplies the numeric field; human notation is intentionally constructed as structural geometry and is not claimed to exist semantically in the source H5.
4,gradient_field,nabla I_0,projection,temporal projection map,01_workflow_stages/04_gradient_field/05_projection_map.png,9377260dc7a0ed6f77e19f16e90a1a02f87a9d0dfd8cce0d395def8bbf59da0d,39120,Derived visual-learning workflow. The canonical H5 supplies the numeric field; human notation is intentionally constructed as structural geometry and is not claimed to exist semantically in the source H5.
4,gradient_field,nabla I_0,motion,motion energy,01_workflow_stages/04_gradient_field/06_motion_energy.png,207d1421add3bfcc86e6759cad67ecee5d529d0fd8c0a44b42d3c61f763f8129,49621,Derived visual-learning workflow. The canonical H5 supplies the numeric field; human notation is intentionally constructed as structural geometry and is not claimed to exist semantically in the source H5.
4,gradient_field,nabla I_0,delta,temporal delta,01_workflow_stages/04_gradient_field/07_temporal_delta.png,88050ba8d52c7617288b5507bcec4090f181483e93a266f7bc501642aa57a5ab,53420,Derived visual-learning workflow. The canonical H5 supplies the numeric field; human notation is intentionally constructed as structural geometry and is not claimed to exist semantically in the source H5.
4,gradient_field,nabla I_0,frames,eight-frame temporal sheet,01_workflow_stages/04_gradient_field/08_framesheet.png,ceeafc999e79cc94cdc044041cc955ae886cede63fa9f561d44cf480e8c186c4,1230530,Derived visual-learning workflow. The canonical H5 supplies the numeric field; human notation is intentionally constructed as structural geometry and is not claimed to exist semantically in the source H5.
4,gradient_field,nabla I_0,patch,numeric temporal training patch,01_workflow_stages/04_gradient_field/09_temporal_patch.mat,c185796370a1d203a90f4f93a4363e2f1ad22264bced75f7be6e3cbe7c4634c2,5073907,Derived visual-learning workflow. The canonical H5 supplies the numeric field; human notation is intentionally constructed as structural geometry and is not claimed to exist semantically in the source H5.
5,laplacian_curvature,Delta I_0,base,numeric visual source,01_workflow_stages/05_laplacian_curvature/00_base.png,73344872c1d513a44a00342db5c85fb8bded2556ec725f9d76bf4d24f4beff98,540659,Derived visual-learning workflow. The canonical H5 supplies the numeric field; human notation is intentionally constructed as structural geometry and is not claimed to exist semantically in the source H5.
5,laplacian_curvature,Delta I_0,visible,high visibility embedding,01_workflow_stages/05_laplacian_curvature/01_visible.png,496253808d36faea37b1a9c4f07abb5566d73948b6033170d9bed45af3e617ad,542625,Derived visual-learning workflow. The canonical H5 supplies the numeric field; human notation is intentionally constructed as structural geometry and is not claimed to exist semantically in the source H5.
5,laplacian_curvature,Delta I_0,balanced,balanced embedding,01_workflow_stages/05_laplacian_curvature/02_balanced.png,e8f455494d3000b091f00d9fd423800a6a1423b75f955cc0412ac0fd51937375,542692,Derived visual-learning workflow. The canonical H5 supplies the numeric field; human notation is intentionally constructed as structural geometry and is not claimed to exist semantically in the source H5.
5,laplacian_curvature,Delta I_0,structural,base-preserving structural embedding,01_workflow_stages/05_laplacian_curvature/03_structural.png,2da4429731d20249a4042840f3c3069c81e56840e07677486173b5a6598b989e,541897,Derived visual-learning workflow. The canonical H5 supplies the numeric field; human notation is intentionally constructed as structural geometry and is not claimed to exist semantically in the source H5.
5,laplacian_curvature,Delta I_0,mask,human-symbol structural mask,01_workflow_stages/05_laplacian_curvature/04_mask.png,b5830a13d2ef99cf0633320ed2807b329a4f7e024959af2a40b5226b9daf6312,31031,Derived visual-learning workflow. The canonical H5 supplies the numeric field; human notation is intentionally constructed as structural geometry and is not claimed to exist semantically in the source H5.
5,laplacian_curvature,Delta I_0,projection,temporal projection map,01_workflow_stages/05_laplacian_curvature/05_projection_map.png,1f61d68e65f5b769f0a5d2ade1bcc68a168c44c81f518e0bb1b9bc657cd39c23,41119,Derived visual-learning workflow. The canonical H5 supplies the numeric field; human notation is intentionally constructed as structural geometry and is not claimed to exist semantically in the source H5.
5,laplacian_curvature,Delta I_0,motion,motion energy,01_workflow_stages/05_laplacian_curvature/06_motion_energy.png,d71e42bd582e6bd0dd4c92aefb441b094793561294b2086f9bf943979440fba1,52590,Derived visual-learning workflow. The canonical H5 supplies the numeric field; human notation is intentionally constructed as structural geometry and is not claimed to exist semantically in the source H5.
5,laplacian_curvature,Delta I_0,delta,temporal delta,01_workflow_stages/05_laplacian_curvature/07_temporal_delta.png,9e9bbaadb989dab99056b1810730f8f5a1cfdb78c07f6f0f8a14b09b048ee3a9,56131,Derived visual-learning workflow. The canonical H5 supplies the numeric field; human notation is intentionally constructed as structural geometry and is not claimed to exist semantically in the source H5.
5,laplacian_curvature,Delta I_0,frames,eight-frame temporal sheet,01_workflow_stages/05_laplacian_curvature/08_framesheet.png,bae88678836668edfbf0aca12822b8b15bd428589498ed109613092644c98584,1360539,Derived visual-learning workflow. The canonical H5 supplies the numeric field; human notation is intentionally constructed as structural geometry and is not claimed to exist semantically in the source H5.
5,laplacian_curvature,Delta I_0,patch,numeric temporal training patch,01_workflow_stages/05_laplacian_curvature/09_temporal_patch.mat,41773ff71bcd1a760cd0903fed1cbd6d3da7bf2f17f5137ebe2b41d902053889,5141405,Derived visual-learning workflow. The canonical H5 supplies the numeric field; human notation is intentionally constructed as structural geometry and is not claimed to exist semantically in the source H5.
6,spectral_projection,F{I_0},base,numeric visual source,01_workflow_stages/06_spectral_projection/00_base.png,888fa5c198e21d7bfeea256da27ad7ba94cc7f6778bebc614889ccc97b811c3b,748125,Derived visual-learning workflow. The canonical H5 supplies the numeric field; human notation is intentionally constructed as structural geometry and is not claimed to exist semantically in the source H5.
6,spectral_projection,F{I_0},visible,high visibility embedding,01_workflow_stages/06_spectral_projection/01_visible.png,ecb0be46634e306ae2563851d03d0ee1847abad60d77b5c95ec4baeb8a731ae8,747174,Derived visual-learning workflow. The canonical H5 supplies the numeric field; human notation is intentionally constructed as structural geometry and is not claimed to exist semantically in the source H5.
6,spectral_projection,F{I_0},balanced,balanced embedding,01_workflow_stages/06_spectral_projection/02_balanced.png,0aabf5919ff9fcf153a20cdbb7d60d26b4add7eda1caf49011a94b6f227644cf,747501,Derived visual-learning workflow. The canonical H5 supplies the numeric field; human notation is intentionally constructed as structural geometry and is not claimed to exist semantically in the source H5.
6,spectral_projection,F{I_0},structural,base-preserving structural embedding,01_workflow_stages/06_spectral_projection/03_structural.png,6d7a2605d1a26500ddeace91d44d1eca07e2a390d4da3157a77ad7c049ae301c,747738,Derived visual-learning workflow. The canonical H5 supplies the numeric field; human notation is intentionally constructed as structural geometry and is not claimed to exist semantically in the source H5.
6,spectral_projection,F{I_0},mask,human-symbol structural mask,01_workflow_stages/06_spectral_projection/04_mask.png,5a88532541e59dc84d8f1611f94b1a9f1f5be9fa49b069ef115341f234da5c1c,32154,Derived visual-learning workflow. The canonical H5 supplies the numeric field; human notation is intentionally constructed as structural geometry and is not claimed to exist semantically in the source H5.
6,spectral_projection,F{I_0},projection,temporal projection map,01_workflow_stages/06_spectral_projection/05_projection_map.png,64d21cc86eb7159f8911ce499bb7bc95482d7ab83cc43cbda9d010756b957ad4,42106,Derived visual-learning workflow. The canonical H5 supplies the numeric field; human notation is intentionally constructed as structural geometry and is not claimed to exist semantically in the source H5.
6,spectral_projection,F{I_0},motion,motion energy,01_workflow_stages/06_spectral_projection/06_motion_energy.png,dd979294a1482cbd0945a2d70d94e5237d63947c53b960b44dd91c45fb6049eb,58050,Derived visual-learning workflow. The canonical H5 supplies the numeric field; human notation is intentionally constructed as structural geometry and is not claimed to exist semantically in the source H5.
6,spectral_projection,F{I_0},delta,temporal delta,01_workflow_stages/06_spectral_projection/07_temporal_delta.png,6267cdcd06b6ea3fa8dd60c85735e063d8c45fe533e1c94144c37e407170b172,61735,Derived visual-learning workflow. The canonical H5 supplies the numeric field; human notation is intentionally constructed as structural geometry and is not claimed to exist semantically in the source H5.
6,spectral_projection,F{I_0},frames,eight-frame temporal sheet,01_workflow_stages/06_spectral_projection/08_framesheet.png,5628589383ede49f3331bd5ceb80245d35a0daaa5e92bc60618b3738d06ff7a6,1785068,Derived visual-learning workflow. The canonical H5 supplies the numeric field; human notation is intentionally constructed as structural geometry and is not claimed to exist semantically in the source H5.
6,spectral_projection,F{I_0},patch,numeric temporal training patch,01_workflow_stages/06_spectral_projection/09_temporal_patch.mat,0a757d4c3166b1ea33f2899b3d4e4caf895c02c4a8bf532cbfef8f8dbd44e7dc,5111078,Derived visual-learning workflow. The canonical H5 supplies the numeric field; human notation is intentionally constructed as structural geometry and is not claimed to exist semantically in the source H5.
7,oriented_features,"F_V1(theta,s)",base,numeric visual source,01_workflow_stages/07_oriented_features/00_base.png,9d9ff44063489c7d8d959b3ecda5c8347fa0673e8cd5ee1c31f0858b04e34573,436559,Derived visual-learning workflow. The canonical H5 supplies the numeric field; human notation is intentionally constructed as structural geometry and is not claimed to exist semantically in the source H5.
7,oriented_features,"F_V1(theta,s)",visible,high visibility embedding,01_workflow_stages/07_oriented_features/01_visible.png,3043712a250eb78ae213169286fef54c101b1138a0347939b969051d0742730b,444345,Derived visual-learning workflow. The canonical H5 supplies the numeric field; human notation is intentionally constructed as structural geometry and is not claimed to exist semantically in the source H5.
7,oriented_features,"F_V1(theta,s)",balanced,balanced embedding,01_workflow_stages/07_oriented_features/02_balanced.png,8ae6876b7d4653d941a4f9bb7a734f20b8fda6a2fea5b0b05235ab8b56ec51b3,442813,Derived visual-learning workflow. The canonical H5 supplies the numeric field; human notation is intentionally constructed as structural geometry and is not claimed to exist semantically in the source H5.
7,oriented_features,"F_V1(theta,s)",structural,base-preserving structural embedding,01_workflow_stages/07_oriented_features/03_structural.png,74e966cdfe9f65b493535f4796139b3ac823a478feb7c34fae87e28a51a0158b,439865,Derived visual-learning workflow. The canonical H5 supplies the numeric field; human notation is intentionally constructed as structural geometry and is not claimed to exist semantically in the source H5.
7,oriented_features,"F_V1(theta,s)",mask,human-symbol structural mask,01_workflow_stages/07_oriented_features/04_mask.png,20bd8b24cfb1f89e804308319bcdbd18325102fc63d246cd25822b5a3b9191a2,34057,Derived visual-learning workflow. The canonical H5 supplies the numeric field; human notation is intentionally constructed as structural geometry and is not claimed to exist semantically in the source H5.
7,oriented_features,"F_V1(theta,s)",projection,temporal projection map,01_workflow_stages/07_oriented_features/05_projection_map.png,91264f0d26e273b4719fc640693f6003075a552009748f6e17bfb34a1ff3f7da,46091,Derived visual-learning workflow. The canonical H5 supplies the numeric field; human notation is intentionally constructed as structural geometry and is not claimed to exist semantically in the source H5.
7,oriented_features,"F_V1(theta,s)",motion,motion energy,01_workflow_stages/07_oriented_features/06_motion_energy.png,6c90886c58ccc9ec4bbf1f1afbc8c2ae090516c5b181476148c2dc3c2ab55857,55460,Derived visual-learning workflow. The canonical H5 supplies the numeric field; human notation is intentionally constructed as structural geometry and is not claimed to exist semantically in the source H5.
7,oriented_features,"F_V1(theta,s)",delta,temporal delta,01_workflow_stages/07_oriented_features/07_temporal_delta.png,9a005d0eb5da4b92c10a21f93af29908d100fc376faf1bedf424db73af1b187d,59776,Derived visual-learning workflow. The canonical H5 supplies the numeric field; human notation is intentionally constructed as structural geometry and is not claimed to exist semantically in the source H5.
7,oriented_features,"F_V1(theta,s)",frames,eight-frame temporal sheet,01_workflow_stages/07_oriented_features/08_framesheet.png,239676003c9de72ab3821ff8fbad751a423361d293077637cf30c2b5e0593cae,1150271,Derived visual-learning workflow. The canonical H5 supplies the numeric field; human notation is intentionally constructed as structural geometry and is not claimed to exist semantically in the source H5.
7,oriented_features,"F_V1(theta,s)",patch,numeric temporal training patch,01_workflow_stages/07_oriented_features/09_temporal_patch.mat,05b018614ed42ed9b4003a31995e20ce20c1a55ee65b259e75e515f1f71c33ca,5383228,Derived visual-learning workflow. The canonical H5 supplies the numeric field; human notation is intentionally constructed as structural geometry and is not claimed to exist semantically in the source H5.
8,salience_energy,"E(x,y)",base,numeric visual source,01_workflow_stages/08_salience_energy/00_base.png,19dcdc20cb36ff8b8bfb1a3d9eb2b673c29a557e502d7dd261d988d7d47c8a7a,497662,Derived visual-learning workflow. The canonical H5 supplies the numeric field; human notation is intentionally constructed as structural geometry and is not claimed to exist semantically in the source H5.
8,salience_energy,"E(x,y)",visible,high visibility embedding,01_workflow_stages/08_salience_energy/01_visible.png,0161a4fe08744cb6523db693a318bde9f0f9fd03fa8349c79497ce46a7a9552f,502438,Derived visual-learning workflow. The canonical H5 supplies the numeric field; human notation is intentionally constructed as structural geometry and is not claimed to exist semantically in the source H5.
8,salience_energy,"E(x,y)",balanced,balanced embedding,01_workflow_stages/08_salience_energy/02_balanced.png,62ee8a5fd8570dfeefef885846788ca4c73e20ca3016cbaa1245011cf1e8fed3,501521,Derived visual-learning workflow. The canonical H5 supplies the numeric field; human notation is intentionally constructed as structural geometry and is not claimed to exist semantically in the source H5.
8,salience_energy,"E(x,y)",structural,base-preserving structural embedding,01_workflow_stages/08_salience_energy/03_structural.png,13435ff47668e74fb6f023744e040962b0963da05adcd4614410c8ffe48ebd46,499644,Derived visual-learning workflow. The canonical H5 supplies the numeric field; human notation is intentionally constructed as structural geometry and is not claimed to exist semantically in the source H5.
8,salience_energy,"E(x,y)",mask,human-symbol structural mask,01_workflow_stages/08_salience_energy/04_mask.png,fb7f82afe449fee00657ca08bd8c48fe016df86dc28110d582d19ccbfe8c4b99,31629,Derived visual-learning workflow. The canonical H5 supplies the numeric field; human notation is intentionally constructed as structural geometry and is not claimed to exist semantically in the source H5.
8,salience_energy,"E(x,y)",projection,temporal projection map,01_workflow_stages/08_salience_energy/05_projection_map.png,a30a19c1594f866443e1faa944f53c55bf8d7d9911fc5bba936855e465d59e2b,43141,Derived visual-learning workflow. The canonical H5 supplies the numeric field; human notation is intentionally constructed as structural geometry and is not claimed to exist semantically in the source H5.
8,salience_energy,"E(x,y)",motion,motion energy,01_workflow_stages/08_salience_energy/06_motion_energy.png,0b344512646b3d615e210fb3ccae043dd14e0a74ce52f60c7b70ace3b1db0f25,52675,Derived visual-learning workflow. The canonical H5 supplies the numeric field; human notation is intentionally constructed as structural geometry and is not claimed to exist semantically in the source H5.
8,salience_energy,"E(x,y)",delta,temporal delta,01_workflow_stages/08_salience_energy/07_temporal_delta.png,f282237397ee13ecf4eb947b90bb6e6fb54acbd6bcbdb8efbb59fde4954ae4e1,57031,Derived visual-learning workflow. The canonical H5 supplies the numeric field; human notation is intentionally constructed as structural geometry and is not claimed to exist semantically in the source H5.
8,salience_energy,"E(x,y)",frames,eight-frame temporal sheet,01_workflow_stages/08_salience_energy/08_framesheet.png,2af35bd1efe70551e93bb2af0d4031c234df0c7a33de902326d88cafa0aa5652,1263316,Derived visual-learning workflow. The canonical H5 supplies the numeric field; human notation is intentionally constructed as structural geometry and is not claimed to exist semantically in the source H5.
8,salience_energy,"E(x,y)",patch,numeric temporal training patch,01_workflow_stages/08_salience_energy/09_temporal_patch.mat,556453b139dedb79d65d0b0f057d01179c87a5f753243b3f8f71b3425cfb9a77,5194792,Derived visual-learning workflow. The canonical H5 supplies the numeric field; human notation is intentionally constructed as structural geometry and is not claimed to exist semantically in the source H5.
9,phase_winding,omega = integral nabla phi dl,base,numeric visual source,01_workflow_stages/09_phase_winding/00_base.png,f559def9ca23c0a2101c5e9589b485aca70a03ea611ed9cc4ebaa95171094e97,581896,Derived visual-learning workflow. The canonical H5 supplies the numeric field; human notation is intentionally constructed as structural geometry and is not claimed to exist semantically in the source H5.
9,phase_winding,omega = integral nabla phi dl,visible,high visibility embedding,01_workflow_stages/09_phase_winding/01_visible.png,1c56dfea05b393170279c9f32efb850df0b6083c9cb2d36d3b3e425135cfc2ce,586015,Derived visual-learning workflow. The canonical H5 supplies the numeric field; human notation is intentionally constructed as structural geometry and is not claimed to exist semantically in the source H5.
9,phase_winding,omega = integral nabla phi dl,balanced,balanced embedding,01_workflow_stages/09_phase_winding/02_balanced.png,9d2ce0bbd9d81fe76ed833feb4be2079d539c571df591acc4893a7da35a369fb,585523,Derived visual-learning workflow. The canonical H5 supplies the numeric field; human notation is intentionally constructed as structural geometry and is not claimed to exist semantically in the source H5.
9,phase_winding,omega = integral nabla phi dl,structural,base-preserving structural embedding,01_workflow_stages/09_phase_winding/03_structural.png,b8eaebda04f6ec4634c3eec857b53697c72df6bb43f60ea5e77d403662a24814,584481,Derived visual-learning workflow. The canonical H5 supplies the numeric field; human notation is intentionally constructed as structural geometry and is not claimed to exist semantically in the source H5.
9,phase_winding,omega = integral nabla phi dl,mask,human-symbol structural mask,01_workflow_stages/09_phase_winding/04_mask.png,d350a492c3a5b232da8032df797949685d25e021e32d7cd845368d0ca34dd4fa,42775,Derived visual-learning workflow. The canonical H5 supplies the numeric field; human notation is intentionally constructed as structural geometry and is not claimed to exist semantically in the source H5.
9,phase_winding,omega = integral nabla phi dl,projection,temporal projection map,01_workflow_stages/09_phase_winding/05_projection_map.png,b5daa114e2bf2fd547f5bed43ea36f7ead664c603cfc2ae7a980f05d2c574410,69818,Derived visual-learning workflow. The canonical H5 supplies the numeric field; human notation is intentionally constructed as structural geometry and is not claimed to exist semantically in the source H5.
9,phase_winding,omega = integral nabla phi dl,motion,motion energy,01_workflow_stages/09_phase_winding/06_motion_energy.png,2b82b0bdf9ce3f209607440c60ed093a631ee570f2df388f668ab1fcbd762a07,75787,Derived visual-learning workflow. The canonical H5 supplies the numeric field; human notation is intentionally constructed as structural geometry and is not claimed to exist semantically in the source H5.
9,phase_winding,omega = integral nabla phi dl,delta,temporal delta,01_workflow_stages/09_phase_winding/07_temporal_delta.png,ef69e2ff51410bde7d7cd8ed01eecaeeee130eba0419c44a71c26dd8fd79dcee,81823,Derived visual-learning workflow. The canonical H5 supplies the numeric field; human notation is intentionally constructed as structural geometry and is not claimed to exist semantically in the source H5.
9,phase_winding,omega = integral nabla phi dl,frames,eight-frame temporal sheet,01_workflow_stages/09_phase_winding/08_framesheet.png,d93d4fe5c2f0a3c19ffe20b328ce2b55234c5c9a5373a25bc3245b142c1340af,1527584,Derived visual-learning workflow. The canonical H5 supplies the numeric field; human notation is intentionally constructed as structural geometry and is not claimed to exist semantically in the source H5.
9,phase_winding,omega = integral nabla phi dl,patch,numeric temporal training patch,01_workflow_stages/09_phase_winding/09_temporal_patch.mat,49c9d6888c7efaf58287a50599e7264b3a1f6adb9182b9ba988cba5e9456929b,5989569,Derived visual-learning workflow. The canonical H5 supplies the numeric field; human notation is intentionally constructed as structural geometry and is not claimed to exist semantically in the source H5.
10,knowledge_quanta,K = {kappa_i},base,numeric visual source,01_workflow_stages/10_knowledge_quanta/00_base.png,037aa7619a5055c577d175a5c0ac0b1248fe65b36ef8a68743e6f6106299ff4d,566975,Derived visual-learning workflow. The canonical H5 supplies the numeric field; human notation is intentionally constructed as structural geometry and is not claimed to exist semantically in the source H5.
10,knowledge_quanta,K = {kappa_i},visible,high visibility embedding,01_workflow_stages/10_knowledge_quanta/01_visible.png,ae7fcd723001794ebe639b41a8e7ae0475f3bcbe4834c67094672fbebf1ce495,570653,Derived visual-learning workflow. The canonical H5 supplies the numeric field; human notation is intentionally constructed as structural geometry and is not claimed to exist semantically in the source H5.
10,knowledge_quanta,K = {kappa_i},balanced,balanced embedding,01_workflow_stages/10_knowledge_quanta/02_balanced.png,62e954ce70151d381607825e7790843968d68b0406dc7d0a5ca3fb788ca8088d,570138,Derived visual-learning workflow. The canonical H5 supplies the numeric field; human notation is intentionally constructed as structural geometry and is not claimed to exist semantically in the source H5.
10,knowledge_quanta,K = {kappa_i},structural,base-preserving structural embedding,01_workflow_stages/10_knowledge_quanta/03_structural.png,e4ac64117cb9c39f1d790279f06e3f35cc457ec67da63939c32681ed6b056760,569140,Derived visual-learning workflow. The canonical H5 supplies the numeric field; human notation is intentionally constructed as structural geometry and is not claimed to exist semantically in the source H5.
10,knowledge_quanta,K = {kappa_i},mask,human-symbol structural mask,01_workflow_stages/10_knowledge_quanta/04_mask.png,e1574b035d8becbefce6c6c5d1757218a2106709a362f94e6238e1a3e5604e0e,38890,Derived visual-learning workflow. The canonical H5 supplies the numeric field; human notation is intentionally constructed as structural geometry and is not claimed to exist semantically in the source H5.
10,knowledge_quanta,K = {kappa_i},projection,temporal projection map,01_workflow_stages/10_knowledge_quanta/05_projection_map.png,3bdedb0cb1abf6d5956a8b8d2949cd4aad49b539839b22a126b347d59dd5f195,61145,Derived visual-learning workflow. The canonical H5 supplies the numeric field; human notation is intentionally constructed as structural geometry and is not claimed to exist semantically in the source H5.
10,knowledge_quanta,K = {kappa_i},motion,motion energy,01_workflow_stages/10_knowledge_quanta/06_motion_energy.png,ea9056470cd6805b8567a1212375954cecc03da9fb92ca3571e9d5b2a0aa4fcd,69146,Derived visual-learning workflow. The canonical H5 supplies the numeric field; human notation is intentionally constructed as structural geometry and is not claimed to exist semantically in the source H5.
10,knowledge_quanta,K = {kappa_i},delta,temporal delta,01_workflow_stages/10_knowledge_quanta/07_temporal_delta.png,5fe9b5cef1431a1c4ff83d3deb4ae6126b2e1197b4d3efe9c65056f7c9eb59f6,74288,Derived visual-learning workflow. The canonical H5 supplies the numeric field; human notation is intentionally constructed as structural geometry and is not claimed to exist semantically in the source H5.
10,knowledge_quanta,K = {kappa_i},frames,eight-frame temporal sheet,01_workflow_stages/10_knowledge_quanta/08_framesheet.png,66f78422f4d13b11fb3cb6e5cfc05eee5e68f0ce9abacb7a740a6b582a598762,1467285,Derived visual-learning workflow. The canonical H5 supplies the numeric field; human notation is intentionally constructed as structural geometry and is not claimed to exist semantically in the source H5.
10,knowledge_quanta,K = {kappa_i},patch,numeric temporal training patch,01_workflow_stages/10_knowledge_quanta/09_temporal_patch.mat,cb37207a6a8bb818fa20517717741a642277fb0d53ae14f437893536569fc769,5724337,Derived visual-learning workflow. The canonical H5 supplies the numeric field; human notation is intentionally constructed as structural geometry and is not claimed to exist semantically in the source H5.
11,relation_graph,E = {r_ij},base,numeric visual source,01_workflow_stages/11_relation_graph/00_base.png,fbdb109f455291af66e328cf795d42ad13acea18a920d1d9f186dcda96c295b2,174239,Derived visual-learning workflow. The canonical H5 supplies the numeric field; human notation is intentionally constructed as structural geometry and is not claimed to exist semantically in the source H5.
11,relation_graph,E = {r_ij},visible,high visibility embedding,01_workflow_stages/11_relation_graph/01_visible.png,10d0fb290a832004ede8e3e8fb06920a34ed901ab4cc8565144de1ad057ae258,195855,Derived visual-learning workflow. The canonical H5 supplies the numeric field; human notation is intentionally constructed as structural geometry and is not claimed to exist semantically in the source H5.
11,relation_graph,E = {r_ij},balanced,balanced embedding,01_workflow_stages/11_relation_graph/02_balanced.png,716800bb54a6f9f55cf4afe754b3cd5667e4f097387bedb6c2688aa53738e712,192719,Derived visual-learning workflow. The canonical H5 supplies the numeric field; human notation is intentionally constructed as structural geometry and is not claimed to exist semantically in the source H5.
11,relation_graph,E = {r_ij},structural,base-preserving structural embedding,01_workflow_stages/11_relation_graph/03_structural.png,9654e0d47b4bbbc6c018de7852bef2f06e0c682548f42abad35be984fee7bdb5,187005,Derived visual-learning workflow. The canonical H5 supplies the numeric field; human notation is intentionally constructed as structural geometry and is not claimed to exist semantically in the source H5.
11,relation_graph,E = {r_ij},mask,human-symbol structural mask,01_workflow_stages/11_relation_graph/04_mask.png,0f268aa5e9442466b700490a372b870cfc1a433a00b12e964fc69f68fc50db01,33058,Derived visual-learning workflow. The canonical H5 supplies the numeric field; human notation is intentionally constructed as structural geometry and is not claimed to exist semantically in the source H5.
11,relation_graph,E = {r_ij},projection,temporal projection map,01_workflow_stages/11_relation_graph/05_projection_map.png,e4efd5039db06aa89dfffe89119d0c1d3264a6f94a0d62d7cfd656db052f82b3,39316,Derived visual-learning workflow. The canonical H5 supplies the numeric field; human notation is intentionally constructed as structural geometry and is not claimed to exist semantically in the source H5.
11,relation_graph,E = {r_ij},motion,motion energy,01_workflow_stages/11_relation_graph/06_motion_energy.png,505d0730822c84c2f65dde102e9a08b4ec509036bf5a26418ee3136132e3ef4e,53234,Derived visual-learning workflow. The canonical H5 supplies the numeric field; human notation is intentionally constructed as structural geometry and is not claimed to exist semantically in the source H5.
11,relation_graph,E = {r_ij},delta,temporal delta,01_workflow_stages/11_relation_graph/07_temporal_delta.png,9946ff4f7929e6a7e6482d375daaaab24fca55089948eff7345c9cd10364a9db,57200,Derived visual-learning workflow. The canonical H5 supplies the numeric field; human notation is intentionally constructed as structural geometry and is not claimed to exist semantically in the source H5.
11,relation_graph,E = {r_ij},frames,eight-frame temporal sheet,01_workflow_stages/11_relation_graph/08_framesheet.png,348e256d2f996ac8f2ad0da76bb505b81d7508c7f4402b79bd40590dbfa62d6e,643900,Derived visual-learning workflow. The canonical H5 supplies the numeric field; human notation is intentionally constructed as structural geometry and is not claimed to exist semantically in the source H5.
11,relation_graph,E = {r_ij},patch,numeric temporal training patch,01_workflow_stages/11_relation_graph/09_temporal_patch.mat,346701dc350c83ac93e61f487d00e6fd7b1984f7a9634e8a8e89a7feb2ae0ad8,5280444,Derived visual-learning workflow. The canonical H5 supplies the numeric field; human notation is intentionally constructed as structural geometry and is not claimed to exist semantically in the source H5.
12,integrated_state,Sigma,base,numeric visual source,01_workflow_stages/12_integrated_state/00_base.png,c6544e0f037731af77d3182c35b4501a9b49a6f2bbb23212879474b99aa549ff,530736,Derived visual-learning workflow. The canonical H5 supplies the numeric field; human notation is intentionally constructed as structural geometry and is not claimed to exist semantically in the source H5.
12,integrated_state,Sigma,visible,high visibility embedding,01_workflow_stages/12_integrated_state/01_visible.png,c03286236c3eb0ec52e1265aa05c263c2ab05d99fe4d62341675132c8a7e0817,534496,Derived visual-learning workflow. The canonical H5 supplies the numeric field; human notation is intentionally constructed as structural geometry and is not claimed to exist semantically in the source H5.
12,integrated_state,Sigma,balanced,balanced embedding,01_workflow_stages/12_integrated_state/02_balanced.png,aa02da5a680f55862aeb05c7a3597a380553062e3c3a9c2ab7e3d2703ce70c41,534054,Derived visual-learning workflow. The canonical H5 supplies the numeric field; human notation is intentionally constructed as structural geometry and is not claimed to exist semantically in the source H5.
12,integrated_state,Sigma,structural,base-preserving structural embedding,01_workflow_stages/12_integrated_state/03_structural.png,a5e970ed63955e37e2b6d3541d79b4a485a64e7df05334c81587c9f5129fa58c,532471,Derived visual-learning workflow. The canonical H5 supplies the numeric field; human notation is intentionally constructed as structural geometry and is not claimed to exist semantically in the source H5.
12,integrated_state,Sigma,mask,human-symbol structural mask,01_workflow_stages/12_integrated_state/04_mask.png,b80c5958c8930e626c9dbad8f453825ec39194ebfec536929e543062e77d2fcc,29921,Derived visual-learning workflow. The canonical H5 supplies the numeric field; human notation is intentionally constructed as structural geometry and is not claimed to exist semantically in the source H5.
12,integrated_state,Sigma,projection,temporal projection map,01_workflow_stages/12_integrated_state/05_projection_map.png,92c270760604bec8bf1414d988dbefd284d48e02ff219e6b7be32b698745c857,38213,Derived visual-learning workflow. The canonical H5 supplies the numeric field; human notation is intentionally constructed as structural geometry and is not claimed to exist semantically in the source H5.
12,integrated_state,Sigma,motion,motion energy,01_workflow_stages/12_integrated_state/06_motion_energy.png,afb7937323c9fbba40291bbd17e4fd4a2f8032acbe10d91ba88c9ee84c778ba8,48072,Derived visual-learning workflow. The canonical H5 supplies the numeric field; human notation is intentionally constructed as structural geometry and is not claimed to exist semantically in the source H5.
12,integrated_state,Sigma,delta,temporal delta,01_workflow_stages/12_integrated_state/07_temporal_delta.png,a6011846459457b6cba90a1dbc3fec9b6ad95cef81535c3aea1e6cf3bbe36ca4,51839,Derived visual-learning workflow. The canonical H5 supplies the numeric field; human notation is intentionally constructed as structural geometry and is not claimed to exist semantically in the source H5.
12,integrated_state,Sigma,frames,eight-frame temporal sheet,01_workflow_stages/12_integrated_state/08_framesheet.png,8c3131cb43a10d3625f5702d8c4300bfe2ba8c33772c14c45a62e90a44f1550c,1320089,Derived visual-learning workflow. The canonical H5 supplies the numeric field; human notation is intentionally constructed as structural geometry and is not claimed to exist semantically in the source H5.
12,integrated_state,Sigma,patch,numeric temporal training patch,01_workflow_stages/12_integrated_state/09_temporal_patch.mat,b8a3d0d0f663017584d7466ff0c238e748baaed6eb8e3769bc8ddb8357e9eaae,5054570,Derived visual-learning workflow. The canonical H5 supplies the numeric field; human notation is intentionally constructed as structural geometry and is not claimed to exist semantically in the source H5.
13,human_symbol_calibration,"s_i in {Sigma,Omega,partial,nabla,oplus}",base,numeric visual source,01_workflow_stages/13_human_symbol_calibration/00_base.png,a7ad3006da74153c137fffc1c0bcd3cae70295e7ce90ce44100bbf30ba9b602d,570444,Derived visual-learning workflow. The canonical H5 supplies the numeric field; human notation is intentionally constructed as structural geometry and is not claimed to exist semantically in the source H5.
13,human_symbol_calibration,"s_i in {Sigma,Omega,partial,nabla,oplus}",visible,high visibility embedding,01_workflow_stages/13_human_symbol_calibration/01_visible.png,b28bbbec13f338fbfec5c8b7c650b903959cc151be24d09a1ed813947a05f06c,574678,Derived visual-learning workflow. The canonical H5 supplies the numeric field; human notation is intentionally constructed as structural geometry and is not claimed to exist semantically in the source H5.
13,human_symbol_calibration,"s_i in {Sigma,Omega,partial,nabla,oplus}",balanced,balanced embedding,01_workflow_stages/13_human_symbol_calibration/02_balanced.png,e21240f2bab64609ddf581e46c80460db50667164464953d4062478ef564b31e,573679,Derived visual-learning workflow. The canonical H5 supplies the numeric field; human notation is intentionally constructed as structural geometry and is not claimed to exist semantically in the source H5.
13,human_symbol_calibration,"s_i in {Sigma,Omega,partial,nabla,oplus}",structural,base-preserving structural embedding,01_workflow_stages/13_human_symbol_calibration/03_structural.png,0ff74e47b1f9f13835fc8880142259ff1d0ca356ef33ed3f25bfaafa55e16bc7,572242,Derived visual-learning workflow. The canonical H5 supplies the numeric field; human notation is intentionally constructed as structural geometry and is not claimed to exist semantically in the source H5.
13,human_symbol_calibration,"s_i in {Sigma,Omega,partial,nabla,oplus}",mask,human-symbol structural mask,01_workflow_stages/13_human_symbol_calibration/04_mask.png,7abeecd2a99d26142d803d09dbc8a6a61ff7cf59c6019a58739608f3b7e4caf6,40729,Derived visual-learning workflow. The canonical H5 supplies the numeric field; human notation is intentionally constructed as structural geometry and is not claimed to exist semantically in the source H5.
13,human_symbol_calibration,"s_i in {Sigma,Omega,partial,nabla,oplus}",projection,temporal projection map,01_workflow_stages/13_human_symbol_calibration/05_projection_map.png,63f1bb23a05bfc8cea1e590af4a207fdd4ac8f5d0e88730b29a1eb2d51609fff,55325,Derived visual-learning workflow. The canonical H5 supplies the numeric field; human notation is intentionally constructed as structural geometry and is not claimed to exist semantically in the source H5.
13,human_symbol_calibration,"s_i in {Sigma,Omega,partial,nabla,oplus}",motion,motion energy,01_workflow_stages/13_human_symbol_calibration/06_motion_energy.png,510989b4a8573849a69fe8284687b4ba627a43a2256de1ea99fe07f8d98fea59,64758,Derived visual-learning workflow. The canonical H5 supplies the numeric field; human notation is intentionally constructed as structural geometry and is not claimed to exist semantically in the source H5.
13,human_symbol_calibration,"s_i in {Sigma,Omega,partial,nabla,oplus}",delta,temporal delta,01_workflow_stages/13_human_symbol_calibration/07_temporal_delta.png,e51171112d4deaad5ef197730974b26302a393e32f913c51913980931899dc14,70365,Derived visual-learning workflow. The canonical H5 supplies the numeric field; human notation is intentionally constructed as structural geometry and is not claimed to exist semantically in the source H5.
13,human_symbol_calibration,"s_i in {Sigma,Omega,partial,nabla,oplus}",frames,eight-frame temporal sheet,01_workflow_stages/13_human_symbol_calibration/08_framesheet.png,d7390cd8a423767784d28f099b5b1ac6b4d39a81c3c1c614052480bedee4f4eb,1471442,Derived visual-learning workflow. The canonical H5 supplies the numeric field; human notation is intentionally constructed as structural geometry and is not claimed to exist semantically in the source H5.
13,human_symbol_calibration,"s_i in {Sigma,Omega,partial,nabla,oplus}",patch,numeric temporal training patch,01_workflow_stages/13_human_symbol_calibration/09_temporal_patch.mat,0402d0f99b82b3a07a64ed380a9082820682b3c3971fdb3eef3cc2cb7e0a2e06,5605063,Derived visual-learning workflow. The canonical H5 supplies the numeric field; human notation is intentionally constructed as structural geometry and is not claimed to exist semantically in the source H5.
14,quantized_knowledge_state,"Q_K = (K,E,Sigma)",base,numeric visual source,01_workflow_stages/14_quantized_knowledge_state/00_base.png,e13ec7d8e465f26031880bed6105b26a8d588b8dda61fbdb21b6f30025bf9844,571107,Derived visual-learning workflow. The canonical H5 supplies the numeric field; human notation is intentionally constructed as structural geometry and is not claimed to exist semantically in the source H5.
14,quantized_knowledge_state,"Q_K = (K,E,Sigma)",visible,high visibility embedding,01_workflow_stages/14_quantized_knowledge_state/01_visible.png,4c7448753e56a30866c65102d9d4d74936d19ee5b3de6d487ab6840688e94707,572803,Derived visual-learning workflow. The canonical H5 supplies the numeric field; human notation is intentionally constructed as structural geometry and is not claimed to exist semantically in the source H5.
14,quantized_knowledge_state,"Q_K = (K,E,Sigma)",balanced,balanced embedding,01_workflow_stages/14_quantized_knowledge_state/02_balanced.png,a7ea127ab435792f8e71398a647e923da10c5eecfd4b28e31906155b860f315b,572887,Derived visual-learning workflow. The canonical H5 supplies the numeric field; human notation is intentionally constructed as structural geometry and is not claimed to exist semantically in the source H5.
14,quantized_knowledge_state,"Q_K = (K,E,Sigma)",structural,base-preserving structural embedding,01_workflow_stages/14_quantized_knowledge_state/03_structural.png,028f3110bfe85fb71a798aef8987720e41cf175784102fc2f8d6590b9973391d,572075,Derived visual-learning workflow. The canonical H5 supplies the numeric field; human notation is intentionally constructed as structural geometry and is not claimed to exist semantically in the source H5.
14,quantized_knowledge_state,"Q_K = (K,E,Sigma)",mask,human-symbol structural mask,01_workflow_stages/14_quantized_knowledge_state/04_mask.png,0fd79ca0cdbfb6bda1b777553bbc9a65be2fc114ed80650a82a372294e1da3f8,31303,Derived visual-learning workflow. The canonical H5 supplies the numeric field; human notation is intentionally constructed as structural geometry and is not claimed to exist semantically in the source H5.
14,quantized_knowledge_state,"Q_K = (K,E,Sigma)",projection,temporal projection map,01_workflow_stages/14_quantized_knowledge_state/05_projection_map.png,60a24f4f21421423fd28fb1959603f853ccdd179085e96f2e8a965912e26f44a,44706,Derived visual-learning workflow. The canonical H5 supplies the numeric field; human notation is intentionally constructed as structural geometry and is not claimed to exist semantically in the source H5.
14,quantized_knowledge_state,"Q_K = (K,E,Sigma)",motion,motion energy,01_workflow_stages/14_quantized_knowledge_state/06_motion_energy.png,d601dc1f20bf52b6de01116f83b728170c3e817a35afc6d191219b1aad4fb533,53379,Derived visual-learning workflow. The canonical H5 supplies the numeric field; human notation is intentionally constructed as structural geometry and is not claimed to exist semantically in the source H5.
14,quantized_knowledge_state,"Q_K = (K,E,Sigma)",delta,temporal delta,01_workflow_stages/14_quantized_knowledge_state/07_temporal_delta.png,ad12a900ed9db4e23f1ce38712c4e65d98e4c8155b9c40c2dea733f77b3c0899,57400,Derived visual-learning workflow. The canonical H5 supplies the numeric field; human notation is intentionally constructed as structural geometry and is not claimed to exist semantically in the source H5.
14,quantized_knowledge_state,"Q_K = (K,E,Sigma)",frames,eight-frame temporal sheet,01_workflow_stages/14_quantized_knowledge_state/08_framesheet.png,910abc09bd573aeaf0bc8f6a1fad29b25a0325f87541b7d079203f83806fb32e,1419190,Derived visual-learning workflow. The canonical H5 supplies the numeric field; human notation is intentionally constructed as structural geometry and is not claimed to exist semantically in the source H5.
14,quantized_knowledge_state,"Q_K = (K,E,Sigma)",patch,numeric temporal training patch,01_workflow_stages/14_quantized_knowledge_state/09_temporal_patch.mat,19a27d060d998574371f8307be408562488243d3c4fb9c7265b22b450536ac52,5129252,Derived visual-learning workflow. The canonical H5 supplies the numeric field; human notation is intentionally constructed as structural geometry and is not claimed to exist semantically in the source H5.
