id,dataset_path,output_file,matlab_class,dimensions,rank,element_count,bytes_in_memory,finite_count,nan_count,inf_count,min_value,max_value,mean_value,std_value,mat_file_sha256
1,/n_2_e8_lattice/roots_2d,/Users/yehoshua/Desktop/YEHOSHUA_projection_temporal_formula_from_SSOT_v15/YEHOSHUA_string_theory_foundations_law_atlas_v4/04_h5_tensor_extracts/01_n_2_e8_lattice/001_n_2_e8_lattice__roots_2d.mat,single,[2 240],2,480,1920,480,0,0,-1,1,0,0.372663278232404,c902c1722752ec516cfb3c86ba5e42509ed8c097883d9c46f7d2b162b8ea9f5c
2,/n_2_e8_lattice/connections/a,/Users/yehoshua/Desktop/YEHOSHUA_projection_temporal_formula_from_SSOT_v15/YEHOSHUA_string_theory_foundations_law_atlas_v4/04_h5_tensor_extracts/01_n_2_e8_lattice/002_n_2_e8_lattice__connections__a.mat,single,[2 1832],2,3664,14656,3664,0,0,-0.91608190536499,0.807451784610748,0.000171556803458838,0.298891796367649,ce6400c516c74564fb366105ae0ba9fd51a2baaff06c8f855c61158936cddcd1
3,/n_2_e8_lattice/connections/b,/Users/yehoshua/Desktop/YEHOSHUA_projection_temporal_formula_from_SSOT_v15/YEHOSHUA_string_theory_foundations_law_atlas_v4/04_h5_tensor_extracts/01_n_2_e8_lattice/003_n_2_e8_lattice__connections__b.mat,single,[2 1832],2,3664,14656,3664,0,0,-0.807451784610748,0.91608190536499,-0.000171556803458838,0.296935446763357,bdd861e8dd5f8bf30d0bfae8ad9533527eec3745f45884d8d8d37055b62a69f5
4,/n_2_e8_lattice/connections/d,/Users/yehoshua/Desktop/YEHOSHUA_projection_temporal_formula_from_SSOT_v15/YEHOSHUA_string_theory_foundations_law_atlas_v4/04_h5_tensor_extracts/01_n_2_e8_lattice/004_n_2_e8_lattice__connections__d.mat,single,[1832 1],2,1832,7328,1832,0,0,0.0113389464095235,0.219964057207108,0.127293015981711,0.0653756865759643,f190e092a1809a860f62e177ba0d38a9ed477a0f18c9b208a0ee578664f74e41
5,/n_2_e8_lattice/laplacian_modes/modes,/Users/yehoshua/Desktop/YEHOSHUA_projection_temporal_formula_from_SSOT_v15/YEHOSHUA_string_theory_foundations_law_atlas_v4/04_h5_tensor_extracts/01_n_2_e8_lattice/005_n_2_e8_lattice__laplacian_modes__modes.mat,single,[12 240],2,2880,11520,2880,0,0,-1,0.450707674026489,-0.00570390571828607,0.0643083825269592,68010be71c1683af6e7c28435cd63c493e4f13c927b6311943f2e5b038e11d30
6,/n_2_e8_lattice/laplacian_modes/xy,/Users/yehoshua/Desktop/YEHOSHUA_projection_temporal_formula_from_SSOT_v15/YEHOSHUA_string_theory_foundations_law_atlas_v4/04_h5_tensor_extracts/01_n_2_e8_lattice/006_n_2_e8_lattice__laplacian_modes__xy.mat,single,[2 240],2,480,1920,480,0,0,-1,1,0,0.372663278232404,a504a7f50589f8ede2b6e6f553b18de4872b598e8a6470a4c52e4483eec1f873
7,/n_2_e8_lattice/streamlines/logmag,/Users/yehoshua/Desktop/YEHOSHUA_projection_temporal_formula_from_SSOT_v15/YEHOSHUA_string_theory_foundations_law_atlas_v4/04_h5_tensor_extracts/01_n_2_e8_lattice/007_n_2_e8_lattice__streamlines__logmag.mat,single,[278629 1],2,278629,1114516,278629,0,0,-0.507802069187164,4.77460098266602,4.04772787341624,0.586604659597301,e2cfe239605808f24c56fba72a34bb63bf85d215d5bc4de55673d815e130b3ee
8,/n_2_e8_lattice/streamlines/sid,/Users/yehoshua/Desktop/YEHOSHUA_projection_temporal_formula_from_SSOT_v15/YEHOSHUA_string_theory_foundations_law_atlas_v4/04_h5_tensor_extracts/01_n_2_e8_lattice/008_n_2_e8_lattice__streamlines__sid.mat,uint16,[278629 1],2,278629,557258,278629,0,0,1,1200,602.766657454895,345.71704827839,b3619ad88fa77ce56589d718a2731766aa0b261002c0dbd622ab4866a1a713bd
9,/n_2_e8_lattice/streamlines/xy,/Users/yehoshua/Desktop/YEHOSHUA_projection_temporal_formula_from_SSOT_v15/YEHOSHUA_string_theory_foundations_law_atlas_v4/04_h5_tensor_extracts/01_n_2_e8_lattice/009_n_2_e8_lattice__streamlines__xy.mat,single,[2 278629],2,557258,2229032,557258,0,0,-1.00019311904907,1.00135135650635,0.034175920315812,0.444546025544706,95ede5857900000a44c4a8ea3010707ac979b0c39013451c7a315c5562d207ae
10,/n_3_defect_topology/charge,/Users/yehoshua/Desktop/YEHOSHUA_projection_temporal_formula_from_SSOT_v15/YEHOSHUA_string_theory_foundations_law_atlas_v4/04_h5_tensor_extracts/02_n_3_defect_topology/010_n_3_defect_topology__charge.mat,int8,[2500 1],2,2500,2500,2500,0,0,-4,3,0.0168,1.10426696147666,38ae4c9657b87a1632a6e1eba05db9931645515074e9b06b9cd14fd75b96afa5
11,/n_3_defect_topology/degree,/Users/yehoshua/Desktop/YEHOSHUA_projection_temporal_formula_from_SSOT_v15/YEHOSHUA_string_theory_foundations_law_atlas_v4/04_h5_tensor_extracts/02_n_3_defect_topology/011_n_3_defect_topology__degree.mat,int8,[2500 1],2,2500,2500,2500,0,0,3,10,5.9832,1.10426696147666,b89e72aeede1bf612e60e9f1f3159662a60d502f1270c4f745ac16eca57f0ac1
12,/n_3_defect_topology/pos,/Users/yehoshua/Desktop/YEHOSHUA_projection_temporal_formula_from_SSOT_v15/YEHOSHUA_string_theory_foundations_law_atlas_v4/04_h5_tensor_extracts/02_n_3_defect_topology/012_n_3_defect_topology__pos.mat,single,[2 2500],2,5000,20000,5000,0,0,-1.61449503898621,1.54541456699371,-0.00613823315750924,0.605338716560678,72e4e8bc323010f6ebab23e230af25b9e12b5a2efee142d7ba2d4883fff4683f
13,/n_4_geodesic_field/curl,/Users/yehoshua/Desktop/YEHOSHUA_projection_temporal_formula_from_SSOT_v15/YEHOSHUA_string_theory_foundations_law_atlas_v4/04_h5_tensor_extracts/03_n_4_geodesic_field/013_n_4_geodesic_field__curl.mat,single,[48400 1],2,48400,193600,48400,0,0,-12.6009435653687,13.1933851242065,-6.21882035307517e-12,1.22585626766939,dc4ce9dfd45817bd21032029a32a646aa35513573f99c9771c8e32ba477e4194
14,/n_4_geodesic_field/raw_points,/Users/yehoshua/Desktop/YEHOSHUA_projection_temporal_formula_from_SSOT_v15/YEHOSHUA_string_theory_foundations_law_atlas_v4/04_h5_tensor_extracts/03_n_4_geodesic_field/014_n_4_geodesic_field__raw_points.mat,single,[2 194527],2,389054,1556216,389054,0,0,-0.934298276901245,0.950641751289368,-0.000715964502592912,0.154193521278625,9ab0f60961aa38d14b5edeae117c195d9b12fb5642602da35922559d0dd7e65e
15,/n_4_geodesic_field/vel,/Users/yehoshua/Desktop/YEHOSHUA_projection_temporal_formula_from_SSOT_v15/YEHOSHUA_string_theory_foundations_law_atlas_v4/04_h5_tensor_extracts/03_n_4_geodesic_field/015_n_4_geodesic_field__vel.mat,single,[2 48400],2,96800,387200,96800,0,0,-0.999995648860931,0.999995648860931,-0.000122248778923485,0.0971417574588151,f4cac8c4f472f2336258e8f5543dbacd42249adffb61cc8f3fe8eb069f591d17
16,/n_4_geodesic_field/xy,/Users/yehoshua/Desktop/YEHOSHUA_projection_temporal_formula_from_SSOT_v15/YEHOSHUA_string_theory_foundations_law_atlas_v4/04_h5_tensor_extracts/03_n_4_geodesic_field/016_n_4_geodesic_field__xy.mat,single,[2 48400],2,96800,387200,96800,0,0,-1.10000002384186,1.10000002384186,0,0.637981933909369,2163a4b50f0467edd681af604dc7de6b68dc24e8272edef50576a3d4cd511346
17,/n_5_composite_field_1000x1000/data,/Users/yehoshua/Desktop/YEHOSHUA_projection_temporal_formula_from_SSOT_v15/YEHOSHUA_string_theory_foundations_law_atlas_v4/04_h5_tensor_extracts/04_n_5_composite_field/017_n_5_composite_field_1000x1000__data.mat,single,[5 1000000],2,5000000,20000000,5000000,0,0,0,1,0.335358783772004,0.197695296813411,6cc662accd4cafd4de5d17fef970e52a4faf6ee9bf93f0f6868e94690c95cb60
18,/n_6_field_maps_v3_800x800/chamber_field/data,/Users/yehoshua/Desktop/YEHOSHUA_projection_temporal_formula_from_SSOT_v15/YEHOSHUA_string_theory_foundations_law_atlas_v4/04_h5_tensor_extracts/05_n_6_field_maps/018_n_6_field_maps_v3_800x800__chamber_field__data.mat,single,[3 640000],2,1920000,7680000,1920000,0,0,0,1,0.419856533979001,0.359694988191539,22656f57013986c562e87f0919ee48e5e05acb7cec6d15af698712cd80543c94
19,/n_6_field_maps_v3_800x800/fuchsian_tiling/data,/Users/yehoshua/Desktop/YEHOSHUA_projection_temporal_formula_from_SSOT_v15/YEHOSHUA_string_theory_foundations_law_atlas_v4/04_h5_tensor_extracts/05_n_6_field_maps/019_n_6_field_maps_v3_800x800__fuchsian_tiling__data.mat,single,[5 640000],2,3200000,12800000,3200000,0,0,0,1,0.179665091150773,0.327389909151943,ef69ddd9a1fb0ae64546b00654bb7f51e9f133f77a59d01a369ea4e7b7c05f8b
20,/n_6_field_maps_v3_800x800/ginibre_field/data,/Users/yehoshua/Desktop/YEHOSHUA_projection_temporal_formula_from_SSOT_v15/YEHOSHUA_string_theory_foundations_law_atlas_v4/04_h5_tensor_extracts/05_n_6_field_maps/020_n_6_field_maps_v3_800x800__ginibre_field__data.mat,single,[3 640000],2,1920000,7680000,1920000,0,0,0,1,0.230726408669464,0.33634938623821,2ea989120695504ae697340942979f0b06712c3eeef31426f933a5a6ff22aa01
21,/n_6_field_maps_v3_800x800/modular_eta/data,/Users/yehoshua/Desktop/YEHOSHUA_projection_temporal_formula_from_SSOT_v15/YEHOSHUA_string_theory_foundations_law_atlas_v4/04_h5_tensor_extracts/05_n_6_field_maps/021_n_6_field_maps_v3_800x800__modular_eta__data.mat,single,[3 640000],2,1920000,7680000,1920000,0,0,0,1,0.643769723221128,0.469908540750343,eb62eca6411385e362d267a9c9ca157664c874008a1cc359656ee5bdfbd95478
22,/n_6_field_maps_v3_800x800/weyl_field/data,/Users/yehoshua/Desktop/YEHOSHUA_projection_temporal_formula_from_SSOT_v15/YEHOSHUA_string_theory_foundations_law_atlas_v4/04_h5_tensor_extracts/05_n_6_field_maps/022_n_6_field_maps_v3_800x800__weyl_field__data.mat,single,[5 640000],2,3200000,12800000,3200000,0,0,-13.6551094055176,239.989440917969,7.38356105032536,25.7284885052324,b404c0be24e8d4e137688c0957ea7f001c2a53edd780753e3967b4ded5f7f885
23,/n_7_apollonian_circle_model/e8_chamber_angles,/Users/yehoshua/Desktop/YEHOSHUA_projection_temporal_formula_from_SSOT_v15/YEHOSHUA_string_theory_foundations_law_atlas_v4/04_h5_tensor_extracts/06_n_7_apollonian/023_n_7_apollonian_circle_model__e8_chamber_angles.mat,double,[9 1],2,9,72,9,0,0,0,5.49778714378214,1.96349540849362,1.70043690396958,0f16320a1ce1c26da7aa5ab59bc5dec5574c61323a600425e76fd5e83dbd6a30
24,/spectral_mappings/crystal_colors,/Users/yehoshua/Desktop/YEHOSHUA_projection_temporal_formula_from_SSOT_v15/YEHOSHUA_string_theory_foundations_law_atlas_v4/04_h5_tensor_extracts/07_spectral_mappings/024_spectral_mappings__crystal_colors.mat,uint8,[9 7],2,63,63,63,0,0,35,102,68.8412698412698,27.3703432328511,59b5691c5eef436a61b2612ecc9de3d154e07b9cfe31405d03152336537a96e1
25,/spectral_mappings/crystal_stops,/Users/yehoshua/Desktop/YEHOSHUA_projection_temporal_formula_from_SSOT_v15/YEHOSHUA_string_theory_foundations_law_atlas_v4/04_h5_tensor_extracts/07_spectral_mappings/025_spectral_mappings__crystal_stops.mat,double,[9 1],2,9,72,9,0,0,0,1,0.532222222222222,0.365471537119438,5e851de1e013e623f8c706eec2723d674ad4b79c269ce4b468648dd6d8cc553e
26,/spectral_mappings/phase_colors,/Users/yehoshua/Desktop/YEHOSHUA_projection_temporal_formula_from_SSOT_v15/YEHOSHUA_string_theory_foundations_law_atlas_v4/04_h5_tensor_extracts/07_spectral_mappings/026_spectral_mappings__phase_colors.mat,uint8,[6 7],2,42,42,42,0,0,35,102,68.8571428571429,27.2357113387081,d016f8c740d69cefa9e96eb82249977efa3381ed73bdd644429b9ca05d7d294c
27,/spectral_mappings/phase_stops,/Users/yehoshua/Desktop/YEHOSHUA_projection_temporal_formula_from_SSOT_v15/YEHOSHUA_string_theory_foundations_law_atlas_v4/04_h5_tensor_extracts/07_spectral_mappings/027_spectral_mappings__phase_stops.mat,double,[6 1],2,6,48,6,0,0,0,1,0.5,0.374165738677394,da636ff1870dc5044b94dd5a1a997810a30d0b34179fe6bcfa389e726289c5ac
