event_id,peak_order,source_sample,target_time_sec,phase_rad,cycle_id,salience,next_interval_samples,next_interval_sec,row,column
E001,1,520000,0.00303720577069096,0,0,0.5877182,514,0.390280941533789,1000,520
E002,2,520514,0.39331814730448,3.22955724789031,0,1,484,0.367501898253607,514,521
E003,3,520998,0.760820045558087,6.27061893656523,0,0.6935769,516,0.391799544419134,998,521
E004,4,521514,1.15261958997722,3.22955724789031,1,0.933894,459,0.348519362186788,514,522
E005,5,521973,1.50113895216401,6.11353930388574,1,0.6682324,491,0.372817008352316,973,522
E006,6,522464,1.87395596051632,2.91539798253133,2,0.8971934,227,0.172361427486712,464,523
E007,7,522691,2.04631738800304,4.34168104726109,2,0.6807242,258,0.195899772209567,691,523
E008,8,522949,2.2422171602126,5.96274285651343,2,0.6855969,588,0.446469248291572,949,523
E009,9,523537,2.68868640850418,3.37407050995544,3,0.9145032,463,0.351556567957479,537,524
E010,10,524000,3.04024297646166,0,4,0.711911,536,0.406985573272589,1000,524
E011,11,524536,3.44722854973424,3.36778732464826,4,0.9287357,458,0.347760060744115,536,525
E012,12,524994,3.79498861047836,6.24548619533651,4,0.6796194,251,0.190584662110858,994,525
E013,13,525245,3.98557327258922,1.539380400259,5,0.6029879,287,0.217919514047077,245,526
E014,14,525532,4.20349278663629,3.34265458341954,5,0.9672089,413,0.313591495823842,532,526
E015,15,525945,4.51708428246014,5.93761011528471,5,0.6777737,301,0.228549734244495,945,526
E016,16,526246,4.74563401670463,1.54566358556618,6,0.5813043,287,0.217919514047077,246,527
E017,17,526533,4.96355353075171,3.34893776872672,6,0.9991104,411,0.312072892938497,533,527
E018,18,526944,5.2756264236902,5.93132692997753,6,0.6352748,588,0.446469248291572,944,527
E019,19,527532,5.72209567198178,3.34265458341954,7,0.9949729,460,0.349278663629461,532,528
E020,20,527992,6.07137433561124,6.23291982472215,7,0.7005317,542,0.411541381928626,992,528
E021,21,528534,6.48291571753986,3.3552209540339,8,0.9961739,236,0.179195140470767,534,529
E022,22,528770,6.66211085801063,4.83805268652828,8,0.5821983,221,0.167805618830676,770,529
E023,23,528991,6.82991647684131,6.22663663941497,8,0.6470069,255,0.193621867881549,991,529
E024,24,529246,7.02353834472285,1.54566358556618,9,0.6070448,286,0.217160212604404,246,530
E025,25,529532,7.24069855732726,3.34265458341954,9,1,468,0.355353075170843,532,530
E026,26,530000,7.5960516324981,0,10,0.7332467,534,0.405466970387244,1000,530
E027,27,530534,8.00151860288535,3.3552209540339,10,1,427,0.32422171602126,534,531
E028,28,530961,8.32574031890661,6.03814108019958,10,0.6351441,573,0.435079726651481,961,531
E029,29,531534,8.76082004555809,3.3552209540339,11,0.9927873,459,0.348519362186788,534,532
E030,30,531993,9.10933940774487,6.23920301002933,11,0.6655337,514,0.390280941533789,993,532
E031,31,532507,9.49962034927866,3.18557495074005,12,1,434,0.32953682611997,507,533
E032,32,532941,9.82915717539863,5.91247737405599,12,0.6845198,590,0.447987851176917,941,533
E033,33,533531,10.2771450265755,3.33637139811236,13,1,243,0.184510250569476,531,534
E034,34,533774,10.461655277145,4.863185427757,13,0.6337889,213,0.161731207289294,774,534
E035,35,533987,10.6233864844343,6.20150389818625,13,0.6564069,542,0.411541381928626,987,534
E036,36,534529,11.0349278663629,3.323805027498,14,1,245,0.186028853454822,529,535
E037,37,534774,11.2209567198178,4.863185427757,14,0.6128455,222,0.168564920273349,774,535
E038,38,534996,11.3895216400911,6.25805256595087,14,0.6970142,528,0.400911161731207,996,535
E039,39,535524,11.7904328018223,3.2923891009621,15,1,472,0.358390280941534,524,536
E040,40,535996,12.1488230827639,6.25805256595087,15,0.6806765,529,0.40167046317388,996,536
E041,41,536525,12.5504935459377,3.29867228626928,16,1,235,0.178435839028094,525,537
E042,42,536760,12.7289293849658,4.77522083345649,16,0.5886846,236,0.179195140470767,760,537
E043,43,536996,12.9081245254366,6.25805256595087,16,0.6729102,528,0.400911161731207,996,537
E044,44,537524,13.3090356871678,3.2923891009621,17,1,248,0.18830675778284,524,538
E045,45,537772,13.4973424449506,4.85061905714264,17,0.6053579,228,0.173120728929385,772,538
E046,46,538000,13.67046317388,0,18,0.6631575,526,0.399392558845862,1000,538
E047,47,538526,14.0698557327259,3.30495547157646,18,1,245,0.186028853454822,526,539
E048,48,538771,14.2558845861807,4.84433587183546,18,0.587617,228,0.173120728929385,771,539
E049,49,538999,14.4290053151101,6.27690212187241,18,0.7022783,526,0.399392558845862,999,539
E050,50,539525,14.828397873956,3.29867228626928,19,1,243,0.184510250569476,525,540
E051,51,539768,15.0129081245254,4.82548631591392,19,0.5909997,232,0.176157934700076,768,540
E052,52,540000,15.1890660592255,0,20,0.708127,524,0.397873955960516,1000,540
E053,53,540524,15.586940015186,3.2923891009621,20,1,472,0.358390280941534,524,541
E054,54,540996,15.9453302961276,6.25805256595087,20,0.6699457,263,0.199696279422931,996,541
E055,55,541259,16.1450265755505,1.62734499455951,21,0.6146235,264,0.200455580865604,259,542
E056,56,541523,16.3454821564161,3.28610591565492,21,1,209,0.158694001518603,523,542
E057,57,541732,16.5041761579347,4.59929164485546,21,0.6269234,257,0.195140470766894,732,542
E058,58,541989,16.6993166287016,6.21407026880061,21,0.6770682,270,0.20501138952164,989,542
E059,59,542259,16.9043280182232,1.62734499455951,22,0.6344724,261,0.198177676537585,259,543
E060,60,542520,17.1025056947608,3.26725635973338,22,1,249,0.189066059225513,520,543
E061,61,542769,17.2915717539863,4.8317695012211,22,0.6982583,218,0.165527714502658,769,543
E062,62,542987,17.457099468489,6.20150389818625,22,0.5927848,283,0.214882308276386,987,543
E063,63,543270,17.6719817767654,1.69646003293849,23,0.7812371,251,0.190584662110858,270,544
E064,64,543521,17.8625664388762,3.27353954504056,23,1,251,0.190584662110858,521,544
E065,65,543772,18.0531511009871,4.85061905714264,23,0.6596904,228,0.173120728929385,772,544
E066,66,544000,18.2262718299165,0,24,0.7045311,258,0.195899772209567,1000,544
E067,67,544258,18.422171602126,1.62106180925233,24,0.7400931,263,0.199696279422931,258,545
E068,68,544521,18.621867881549,3.27353954504056,24,0.9899261,249,0.189066059225513,521,545
E069,69,544770,18.8109339407745,4.83805268652828,24,0.7091879,230,0.17463933181473,770,545
E070,70,545000,18.9855732725892,0,25,0.80362,271,0.205770690964313,1000,545
E071,71,545271,19.1913439635535,1.70274321824567,25,0.7999251,251,0.190584662110858,271,546
E072,72,545522,19.3819286256644,3.27982273034774,25,0.9649388,248,0.18830675778284,522,546
E073,73,545770,19.5702353834472,4.83805268652828,25,0.6521248,221,0.167805618830676,770,546
E074,74,545991,19.7380410022779,6.22663663941497,25,0.6883795,281,0.21336370539104,991,546
E075,75,546272,19.9514047076689,1.70902640355285,26,0.7466537,249,0.189066059225513,272,547
E076,76,546521,20.1404707668945,3.27353954504056,26,0.8978661,262,0.198936977980258,521,547
E077,77,546783,20.3394077448747,4.91973409552162,26,0.6264622,211,0.160212604403948,783,547
E078,78,546994,20.4996203492787,6.24548619533651,26,0.6577913,279,0.211845102505695,994,547
E079,79,547273,20.7114654517844,1.71530958886003,27,0.7647085,248,0.18830675778284,273,548
E080,80,547521,20.8997722095672,3.27353954504056,27,0.8560146,250,0.189825360668185,521,548
E081,81,547771,21.0895975702354,4.84433587183546,27,0.6548878,214,0.162490508731967,771,548
E082,82,547985,21.2520880789674,6.18893752757189,27,0.6895035,288,0.218678815489749,985,548
E083,83,548273,21.4707668944571,1.71530958886003,28,0.6629822,246,0.186788154897494,273,549
E084,84,548519,21.6575550493546,3.26097317442621,28,0.8212305,253,0.192103264996204,519,549
E085,85,548772,21.8496583143508,4.85061905714264,28,0.6776029,214,0.162490508731967,772,549
E086,86,548986,22.0121488230828,6.19522071287907,28,0.691354,273,0.207289293849658,986,549
E087,87,549259,22.2194381169324,1.62734499455951,29,0.7058543,260,0.197418375094913,259,550
E088,88,549519,22.4168564920273,3.26097317442621,29,0.7712858,262,0.198936977980258,519,550
E089,89,549781,22.6157934700076,4.90716772490726,29,0.6957823,218,0.165527714502658,781,550
E090,90,549999,22.7813211845103,6.27690212187241,29,0.6381788,265,0.201214882308276,999,550
E091,91,550264,22.9825360668185,1.65876092109541,30,0.7162018,299,0.22703113135915,264,551
E092,92,550563,23.2095671981777,3.53743332794211,30,0.7602236,216,0.164009111617312,563,551
E093,93,550779,23.373576309795,4.8946013542929,30,0.6278847,221,0.167805618830676,779,551
E094,94,551000,23.5413819286257,0,31,0.801718,260,0.197418375094913,1000,551
E095,95,551260,23.7388003037206,1.63362817986669,31,0.7819003,303,0.230068337129841,260,552
E096,96,551563,23.9688686408504,3.53743332794211,31,0.742293,206,0.156416097190585,563,552
E097,97,551769,24.125284738041,4.8317695012211,31,0.6411772,231,0.175398633257403,769,552
E098,98,552000,24.3006833712984,0,32,0.8143683,260,0.197418375094913,1000,552
E099,99,552260,24.4981017463933,1.63362817986669,32,0.7715082,303,0.230068337129841,260,553
E100,100,552563,24.7281700835232,3.53743332794211,32,0.736491,208,0.15793470007593,563,553
E101,101,552771,24.8861047835991,4.84433587183546,32,0.6540086,227,0.172361427486712,771,553
E102,102,552998,25.0584662110858,6.27061893656523,32,0.6689753,262,0.198936977980258,998,553
E103,103,553260,25.2574031890661,1.63362817986669,33,0.7640869,314,0.238420652999241,260,554
E104,104,553574,25.4958238420653,3.60654836632108,33,0.8007414,420,0.318906605922551,574,554
E105,105,553994,25.8147304479879,6.24548619533651,33,0.6687279,266,0.201974183750949,994,554
E106,106,554260,26.0167046317388,1.63362817986669,34,0.7462868,305,0.231586940015186,260,555
E107,107,554565,26.248291571754,3.54999969855647,34,0.6723082,203,0.154138192862566,565,555
E108,108,554768,26.4024297646166,4.82548631591392,34,0.6353382,232,0.176157934700076,768,555
E109,109,555000,26.5785876993166,0,35,0.8345641,260,0.197418375094913,1000,555
E110,110,555260,26.7760060744115,1.63362817986669,35,0.7133752,303,0.230068337129841,260,556
E111,111,555563,27.0060744115414,3.53743332794211,35,0.6515232,436,0.331055429005315,563,556
E112,112,555999,27.3371298405467,6.27690212187241,35,0.6986815,261,0.198177676537585,999,556
E113,113,556260,27.5353075170843,1.63362817986669,36,0.6307966,294,0.223234624145786,260,557
E114,114,556554,27.7585421412301,3.48088466017749,36,0.6602289,446,0.338648443432043,554,557
E115,115,557000,28.0971905846621,0,37,0.7967347,221,0.167805618830676,1000,557
E116,116,557221,28.2649962034928,1.38858395288669,37,0.6413627,231,0.175398633257403,221,558
E117,117,557452,28.4403948367502,2.83999975884517,37,0.6689331,541,0.410782080485953,452,558
E118,118,557993,28.8511769172361,6.23920301002933,37,0.6763195,262,0.198936977980258,993,558
E119,119,558255,29.0501138952164,1.60221225333079,38,0.6179758,294,0.223234624145786,255,559
E120,120,558549,29.2733485193622,3.44946873364159,38,0.6901682,451,0.342444950645406,549,559
E121,121,559000,29.6157934700076,0,39,0.8063185,454,0.344722854973424,1000,559
E122,122,559454,29.960516324981,2.85256612945953,39,0.6408516,NaN,NaN,454,560
