dataset_path,parent_group,dataset_name,h5_storage_shape,matlab_read_shape,matlab_class,elements,bytes_in_memory,attributes_count,sha256_values,is_numeric,is_floating,is_integer,is_logical,nan_count,inf_count,finite_count,zero_count,below_zero_count,above_zero_count,min_value,max_value,mean_value,std_value,median_value,q01,q05,q25,q75,q95,q99,all_zero,unique_count_limited,decoded_ascii_colors
/n_2_e8_lattice/roots_2d,/n_2_e8_lattice,roots_2d,[2 240],[2 240],single,480,1920,0,54f2879fed8c402e8baf85148dea77d1772894069498ec3e141d42d260386e76,1,1,0,0,0,0,480,0,240,240,-1,1,0,0.372663278232404,0,-0.731407807469368,-0.611471942067146,-0.265553764998913,0.265553764998913,0.611471942067146,0.731407807469368,0,480,
/n_2_e8_lattice/connections/a,/n_2_e8_lattice/connections,a,[2 1832],[2 1832],single,3664,14656,0,9dc3810034c0aa6dde2f7c3da58d27a78031a98a4d4d73983bc75a190da6c2ba,1,1,0,0,0,0,3664,0,1823,1841,-0.91608190536499,0.807451784610748,0.000171556803458838,0.298891796367649,0.00498513085767627,-0.666287064552307,-0.540615439414978,-0.178986053913832,0.18513423204422,0.540615439414978,0.666287064552307,0,440,
/n_2_e8_lattice/connections/b,/n_2_e8_lattice/connections,b,[2 1832],[2 1832],single,3664,14656,0,cfbe7b49fa23eccbc2bf4b4503e262e71beff85557bc983d21b223fd2f0376b0,1,1,0,0,0,0,3664,0,1841,1823,-0.807451784610748,0.91608190536499,-0.000171556803458838,0.296935446763357,-0.004318424500525,-0.672484934329987,-0.521269857883453,-0.18513423204422,0.188440352678299,0.530185163021088,0.672484934329987,0,426,
/n_2_e8_lattice/connections/d,/n_2_e8_lattice/connections,d,[1832 1],[1832 1],single,1832,7328,0,539849dcdb3e777da1f33372ce5c50760039862c59751aa43c41954ae898012e,1,1,0,0,0,0,1832,0,0,1832,0.0113389464095235,0.219964057207108,0.127293015981711,0.0653756865759643,0.121337205171585,0.0318669266998768,0.0347861088812351,0.0650928020477295,0.199930399656296,0.21099179983139,0.219517901539803,0,112,
/n_2_e8_lattice/laplacian_modes/modes,/n_2_e8_lattice/laplacian_modes,modes,[12 240],[12 240],single,2880,11520,0,a6e2615d6b42808f99c1e240b4cbe7c8781cf78abba10d4d31eedb548a9ff8e1,1,1,0,0,0,0,2880,3,1523,1354,-1,0.450707674026489,-0.00570390571828607,0.0643083825269592,-6.26066138815091e-17,-0.156485773026943,-0.0897341892123222,-0.0335147976875305,0.0190686234273016,0.0858084484934807,0.132863193750381,0,1397,
/n_2_e8_lattice/laplacian_modes/xy,/n_2_e8_lattice/laplacian_modes,xy,[2 240],[2 240],single,480,1920,0,54f2879fed8c402e8baf85148dea77d1772894069498ec3e141d42d260386e76,1,1,0,0,0,0,480,0,240,240,-1,1,0,0.372663278232404,0,-0.731407807469368,-0.611471942067146,-0.265553764998913,0.265553764998913,0.611471942067146,0.731407807469368,0,480,
/n_2_e8_lattice/streamlines/logmag,/n_2_e8_lattice/streamlines,logmag,[278629 1],[278629 1],single,278629,1114516,0,76d593b48fdb0a621e4a43b8895e193c76d417b48dd1d42c6dc60d1be61f3253,1,1,0,0,0,0,278629,0,289,278340,-0.507802069187164,4.77460098266602,4.04772787341624,0.5866046595973,4.18947458267212,1.5536949634552,2.76422023773193,4.10395431518555,4.30866670608521,4.56225347518921,4.66044187545776,0,NaN,
/n_2_e8_lattice/streamlines/sid,/n_2_e8_lattice/streamlines,sid,[278629 1],[278629 1],uint16,278629,557258,0,b0f386786360f423109e7895f9aaca288147196db4947b6c06bb4bcff60ef0a7,1,0,1,0,0,0,278629,0,0,278629,1,1200,602.766657454895,345.717048278389,603,12,61,305,902,1141,1189,0,1200,
/n_2_e8_lattice/streamlines/xy,/n_2_e8_lattice/streamlines,xy,[2 278629],[2 278629],single,557258,2229032,0,0d3ad7fdcd690743df02f9764bce62aa9b0905e3db586155da1912e12d9d1863,1,1,0,0,0,0,557258,0,261874,295384,-1.00019311904907,1.00135135650635,0.034175920315812,0.444546025544706,0.0703857354819775,-0.682720772624016,-0.64500812292099,-0.373215600848198,0.449859328567982,0.666186943650246,0.798844275474549,0,NaN,
/n_3_defect_topology/charge,/n_3_defect_topology,charge,[2500 1],[2500 1],int8,2500,2500,0,a0233d8f2a2a173d55f8f61bf8358893b8b6c58d00c857f22e41de465b0453eb,1,0,1,0,0,0,2500,886,757,857,-4,3,0.0168,1.10426696147666,0,-3,-2,-1,1,2,2,0,8,
/n_3_defect_topology/degree,/n_3_defect_topology,degree,[2500 1],[2500 1],int8,2500,2500,0,587058b7cd987563c91cb5fd43311937b2e623769a25f6c2265543eba594c4e8,1,0,1,0,0,0,2500,0,0,2500,3,10,5.9832,1.10426696147666,6,4,4,5,7,8,9,0,8,
/n_3_defect_topology/pos,/n_3_defect_topology,pos,[2 2500],[2 2500],single,5000,20000,0,74b8115d25f23f0596f38ad3fe350bae92c60c6abc0b363a9f1744fac61f29e3,1,1,0,0,0,0,5000,0,2511,2489,-1.61449503898621,1.54541456699371,-0.00613823315750924,0.605338716560678,-0.00301072758156806,-1.17658812999725,-0.978308081626892,-0.481682546436787,0.470173887908459,0.97196107506752,1.16786925792694,0,4999,
/n_4_geodesic_field/curl,/n_4_geodesic_field,curl,[48400 1],[48400 1],single,48400,193600,0,cfcdf245e7852e8134586c0569ed4434f469095dbd960764b949d042d4a2ffc6,1,1,0,0,0,0,48400,43590,2381,2429,-12.6009435653687,13.1933851242065,-6.21882035307517e-12,1.22585626766939,0,-5.24146488666534,0,0,0,0.00170327613595848,5.133453578949,0,NaN,
/n_4_geodesic_field/raw_points,/n_4_geodesic_field,raw_points,[2 194527],[2 194527],single,389054,1556216,0,37da923987e63f020f91eefd6fa37a74fcbdff16610c0a7137fbc2160236ef7d,1,1,0,0,0,0,389054,0,195689,193365,-0.934298276901245,0.950641751289368,-0.000715964502592912,0.154193521278625,-0.000962617981713265,-0.282428317666054,-0.227028375864029,-0.136547863483429,0.134941954165697,0.227094852924347,0.283691928386688,0,NaN,
/n_4_geodesic_field/vel,/n_4_geodesic_field,vel,[2 48400],[2 48400],single,96800,387200,0,20480fba615a85eee20a62af13ab6b9fb23132b982528658948b3c2dca19659b,1,1,0,0,0,0,96800,93930,1429,1441,-0.999995648860931,0.999995648860931,-0.000122248778923485,0.0971417574588153,0,-0.337538520395756,0,0,0,0,0.322532371878616,0,NaN,
/n_4_geodesic_field/xy,/n_4_geodesic_field,xy,[2 48400],[2 48400],single,96800,387200,0,3e9426aecad0b5beb622f29ff89be2b8854518bff2e5695ce467283707ac4fc0,1,1,0,0,0,0,96800,0,48400,48400,-1.10000002384186,1.10000002384186,0,0.637981933909369,0,-1.07990872859955,-0.99000000357628,-0.549999982118607,0.549999982118607,0.990000003576308,1.07990872859955,0,NaN,
/n_5_composite_field_1000x1000/data,/n_5_composite_field_1000x1000,data,[5 1000000],[5 1000000],single,5000000,20000000,0,9fbfc7c8d47ad1c77d9d46f6efa8d8de456459410cdf20d5ccbe66a01749f6e1,1,1,0,0,0,0,5000000,4,0,4999996,0,1,0.335358783772005,0.197695296813411,0.392611801624298,0.00388403072953224,0.0172021741047502,0.145558174699545,0.506084740161896,0.582368916273117,0.675714684724807,0,NaN,
/n_6_field_maps_v3_800x800/chamber_field/data,/n_6_field_maps_v3_800x800/chamber_field,data,[3 640000],[3 640000],single,1920000,7680000,0,d54de68cb7a71fa00ec47a46506249b1b0f4ec8b097749ad78762d52cc05c6db,1,1,0,0,0,0,1920000,640004,0,1279996,0,1,0.419856533979001,0.359694988191539,0.450015157461166,0,0,0,0.72925928235054,0.961097949743271,0.993481825590134,0,NaN,
/n_6_field_maps_v3_800x800/fuchsian_tiling/data,/n_6_field_maps_v3_800x800/fuchsian_tiling,data,[5 640000],[5 640000],single,3200000,12800000,0,5accf7c1a334d85d9e9f1e6a0ac98dbd69e2eb79d434ab7c003dcd2aeeb9b526,1,1,0,0,0,0,3200000,1401796,0,1798204,0,1,0.179665091150773,0.327389909151943,0.00810810830444098,0,0,0,0.1097755972296,1,1,0,NaN,
/n_6_field_maps_v3_800x800/ginibre_field/data,/n_6_field_maps_v3_800x800/ginibre_field,data,[3 640000],[3 640000],single,1920000,7680000,0,620fc5f58bc46011e82cef43d24e6bdcd33ac55580923dbf844d71c3746136fb,1,1,0,0,0,0,1920000,1131439,0,788561,0,1,0.230726408669464,0.33634938623821,0,0,0,0,0.536235183477402,0.890533453226089,0.932654262185097,0,NaN,
/n_6_field_maps_v3_800x800/modular_eta/data,/n_6_field_maps_v3_800x800/modular_eta,data,[3 640000],[3 640000],single,1920000,7680000,0,50a611ac32447e4537c5d6e300ea9c65fde71c23430dbf41fa0c54bb157fa00b,1,1,0,0,0,0,1920000,421922,0,1498078,0,1,0.643769723221128,0.469908540750343,0.985414654016495,0,0,0.0039718069601804,0.99602347612381,0.998999834060669,0.999567449092865,0,NaN,
/n_6_field_maps_v3_800x800/weyl_field/data,/n_6_field_maps_v3_800x800/weyl_field,data,[5 640000],[5 640000],single,3200000,12800000,0,acfdfa3ddc9c3713c255c4fa68fdee1702ed137a7f8effc3e6ffb30844e8c5e7,1,1,0,0,0,0,3200000,35496,1015122,2149382,-13.6551094055176,239.989440917969,7.38356105032536,25.7284885052324,1.46687936782837,-10.3071139240265,-8.09501490592957,-4.44089209850063e-16,7.53343713283539,28.8885642051696,158.258181457519,0,NaN,
/n_7_apollonian_circle_model/e8_chamber_angles,/n_7_apollonian_circle_model,e8_chamber_angles,[9 1],[9 1],double,9,72,0,0dde5dc6778eaa415b83b6fed6a56f5d69ed197921c7e9df03afdc9a9087eb68,1,1,0,0,0,0,9,1,0,8,0,5.49778714378214,1.96349540849362,1.70043690396958,1.5707963267949,0.031415926535898,0.15707963267949,0.785398163397448,2.74889357189107,4.5553093477052,5.30929158456675,0,9,
/spectral_mappings/crystal_colors,/spectral_mappings,crystal_colors,[9 7],[9 7],uint8,63,63,0,2d26b3d3ffd95673a7479e59851f1eaa03c0766081f20cf2a53fb1ca2a3b4618,1,0,1,0,0,0,63,0,0,63,35,102,68.8412698412698,27.3703432328511,55,35,35,48,100.5,102,102,0,12,#000000|#06001a|#0d0058|#0a1fa8|#0077cc|#00e5cc|#88ffee|#ccffff|#ffffff
/spectral_mappings/crystal_stops,/spectral_mappings,crystal_stops,[9 1],[9 1],double,9,72,0,8c5765082707727025d71d101540a0cb331ee9d41fed07639bc6d737c740ce5c,1,1,0,0,0,0,9,1,0,8,0,1,0.532222222222222,0.365471537119438,0.57,0.00800000000000001,0.04,0.25,0.84,0.972,0.9944,0,9,
/spectral_mappings/phase_colors,/spectral_mappings,phase_colors,[6 7],[6 7],uint8,42,42,0,dab3a4927968ba9482b64d631b3a36b0a8d2aac7714ee9217e059b987f2f319d,1,0,1,0,0,0,42,0,0,42,35,102,68.8571428571429,27.2357113387081,54,35,35,48,99,102,102,0,7,#6600cc|#0033ff|#00ccaa|#aaff00|#ff6600|#cc00aa
/spectral_mappings/phase_stops,/spectral_mappings,phase_stops,[6 1],[6 1],double,6,48,0,68809d765cf0e12a990023d1cfff950ff6f595c970046daad6bdc2e56ea5a187,1,1,0,0,0,0,6,1,0,5,0,1,0.5,0.374165738677394,0.5,0.01,0.05,0.25,0.75,0.95,0.99,0,6,
