node_id,external_id,node_type,row,column,source_sample,phase_rad,amplitude,time_sec,cycle_id,reference_charge,reference_degree
N0001,A001,ANCHOR,514,521,520514,NaN,1,NaN,NaN,NaN,NaN
N0002,A002,ANCHOR,532,530,529532,NaN,1,NaN,NaN,NaN,NaN
N0003,A003,ANCHOR,534,531,530534,NaN,1,NaN,NaN,NaN,NaN
N0004,A004,ANCHOR,507,533,532507,NaN,1,NaN,NaN,NaN,NaN
N0005,A005,ANCHOR,531,534,533531,NaN,1,NaN,NaN,NaN,NaN
N0006,A006,ANCHOR,529,535,534529,NaN,1,NaN,NaN,NaN,NaN
N0007,A007,ANCHOR,524,536,535524,NaN,1,NaN,NaN,NaN,NaN
N0008,A008,ANCHOR,525,537,536525,NaN,1,NaN,NaN,NaN,NaN
N0009,A009,ANCHOR,524,538,537524,NaN,1,NaN,NaN,NaN,NaN
N0010,A010,ANCHOR,526,539,538526,NaN,1,NaN,NaN,NaN,NaN
N0011,A011,ANCHOR,525,540,539525,NaN,1,NaN,NaN,NaN,NaN
N0012,A012,ANCHOR,524,541,540524,NaN,1,NaN,NaN,NaN,NaN
N0013,E001,TIME_EVENT,1000,520,520000,0,0.5877182,0.00303720577069096,0,NaN,NaN
N0014,E002,TIME_EVENT,514,521,520514,3.229557,1,0.39331814730448,0,NaN,NaN
N0015,E003,TIME_EVENT,998,521,520998,6.270619,0.693577,0.760820045558087,0,NaN,NaN
N0016,E004,TIME_EVENT,514,522,521514,3.229557,0.9338941,1.15261958997722,1,NaN,NaN
N0017,E005,TIME_EVENT,973,522,521973,6.113539,0.6682324,1.50113895216401,1,NaN,NaN
N0018,E006,TIME_EVENT,464,523,522464,2.915398,0.8971935,1.87395596051632,2,NaN,NaN
N0019,E007,TIME_EVENT,691,523,522691,4.341681,0.6807241,2.04631738800304,2,NaN,NaN
N0020,E008,TIME_EVENT,949,523,522949,5.962743,0.685597,2.2422171602126,2,NaN,NaN
N0021,E009,TIME_EVENT,537,524,523537,3.37407,0.9145033,2.68868640850418,3,NaN,NaN
N0022,E010,TIME_EVENT,1000,524,524000,0,0.7119111,3.04024297646166,4,NaN,NaN
N0023,E011,TIME_EVENT,536,525,524536,3.367787,0.9287359,3.44722854973424,4,NaN,NaN
N0024,E012,TIME_EVENT,994,525,524994,6.245486,0.6796195,3.79498861047836,4,NaN,NaN
N0025,E013,TIME_EVENT,245,526,525245,1.53938,0.6029879,3.98557327258922,5,NaN,NaN
N0026,E014,TIME_EVENT,532,526,525532,3.342654,0.967209,4.20349278663629,5,NaN,NaN
N0027,E015,TIME_EVENT,945,526,525945,5.93761,0.6777738,4.51708428246014,5,NaN,NaN
N0028,E016,TIME_EVENT,246,527,526246,1.545664,0.5813043,4.74563401670463,6,NaN,NaN
N0029,E017,TIME_EVENT,533,527,526533,3.348938,0.9991105,4.96355353075171,6,NaN,NaN
N0030,E018,TIME_EVENT,944,527,526944,5.931327,0.6352748,5.2756264236902,6,NaN,NaN
N0031,E019,TIME_EVENT,532,528,527532,3.342654,0.9949731,5.72209567198178,7,NaN,NaN
N0032,E020,TIME_EVENT,992,528,527992,6.23292,0.7005317,6.07137433561124,7,NaN,NaN
N0033,E021,TIME_EVENT,534,529,528534,3.355221,0.9961739,6.48291571753986,8,NaN,NaN
N0034,E022,TIME_EVENT,770,529,528770,4.838053,0.5821983,6.66211085801063,8,NaN,NaN
N0035,E023,TIME_EVENT,991,529,528991,6.226636,0.647007,6.82991647684131,8,NaN,NaN
N0036,E024,TIME_EVENT,246,530,529246,1.545664,0.6070449,7.02353834472285,9,NaN,NaN
N0037,E025,TIME_EVENT,532,530,529532,3.342654,1,7.24069855732726,9,NaN,NaN
N0038,E026,TIME_EVENT,1000,530,530000,0,0.7332468,7.5960516324981,10,NaN,NaN
N0039,E027,TIME_EVENT,534,531,530534,3.355221,1,8.00151860288535,10,NaN,NaN
N0040,E028,TIME_EVENT,961,531,530961,6.038141,0.6351441,8.32574031890661,10,NaN,NaN
N0041,E029,TIME_EVENT,534,532,531534,3.355221,0.9927875,8.76082004555809,11,NaN,NaN
N0042,E030,TIME_EVENT,993,532,531993,6.239203,0.6655337,9.10933940774487,11,NaN,NaN
N0043,E031,TIME_EVENT,507,533,532507,3.185575,1,9.49962034927866,12,NaN,NaN
N0044,E032,TIME_EVENT,941,533,532941,5.912477,0.6845195,9.82915717539863,12,NaN,NaN
N0045,E033,TIME_EVENT,531,534,533531,3.336371,1,10.2771450265755,13,NaN,NaN
N0046,E034,TIME_EVENT,774,534,533774,4.863185,0.6337889,10.461655277145,13,NaN,NaN
N0047,E035,TIME_EVENT,987,534,533987,6.201504,0.6564069,10.6233864844343,13,NaN,NaN
N0048,E036,TIME_EVENT,529,535,534529,3.323805,1,11.0349278663629,14,NaN,NaN
N0049,E037,TIME_EVENT,774,535,534774,4.863185,0.6128455,11.2209567198178,14,NaN,NaN
N0050,E038,TIME_EVENT,996,535,534996,6.258052,0.6970142,11.3895216400911,14,NaN,NaN
N0051,E039,TIME_EVENT,524,536,535524,3.292389,1,11.7904328018223,15,NaN,NaN
N0052,E040,TIME_EVENT,996,536,535996,6.258052,0.6806765,12.1488230827639,15,NaN,NaN
N0053,E041,TIME_EVENT,525,537,536525,3.298672,1,12.5504935459377,16,NaN,NaN
N0054,E042,TIME_EVENT,760,537,536760,4.775221,0.5886845,12.7289293849658,16,NaN,NaN
N0055,E043,TIME_EVENT,996,537,536996,6.258052,0.6729102,12.9081245254366,16,NaN,NaN
N0056,E044,TIME_EVENT,524,538,537524,3.292389,1,13.3090356871678,17,NaN,NaN
N0057,E045,TIME_EVENT,772,538,537772,4.850619,0.6053579,13.4973424449506,17,NaN,NaN
N0058,E046,TIME_EVENT,1000,538,538000,0,0.6631575,13.67046317388,18,NaN,NaN
N0059,E047,TIME_EVENT,526,539,538526,3.304955,1,14.0698557327259,18,NaN,NaN
N0060,E048,TIME_EVENT,771,539,538771,4.844336,0.587617,14.2558845861807,18,NaN,NaN
N0061,E049,TIME_EVENT,999,539,538999,6.276902,0.7022784,14.4290053151101,18,NaN,NaN
N0062,E050,TIME_EVENT,525,540,539525,3.298672,1,14.828397873956,19,NaN,NaN
N0063,E051,TIME_EVENT,768,540,539768,4.825486,0.5909996,15.0129081245254,19,NaN,NaN
N0064,E052,TIME_EVENT,1000,540,540000,0,0.708127,15.1890660592255,20,NaN,NaN
N0065,E053,TIME_EVENT,524,541,540524,3.292389,1,15.586940015186,20,NaN,NaN
N0066,E054,TIME_EVENT,996,541,540996,6.258052,0.6699457,15.9453302961276,20,NaN,NaN
N0067,E055,TIME_EVENT,259,542,541259,1.627345,0.6146236,16.1450265755505,21,NaN,NaN
N0068,E056,TIME_EVENT,523,542,541523,3.286106,1,16.3454821564161,21,NaN,NaN
N0069,E057,TIME_EVENT,732,542,541732,4.599292,0.6269234,16.5041761579347,21,NaN,NaN
N0070,E058,TIME_EVENT,989,542,541989,6.21407,0.6770682,16.6993166287016,21,NaN,NaN
N0071,E059,TIME_EVENT,259,543,542259,1.627345,0.6344724,16.9043280182232,22,NaN,NaN
N0072,E060,TIME_EVENT,520,543,542520,3.267256,1,17.1025056947608,22,NaN,NaN
N0073,E061,TIME_EVENT,769,543,542769,4.831769,0.6982584,17.2915717539863,22,NaN,NaN
N0074,E062,TIME_EVENT,987,543,542987,6.201504,0.5927849,17.457099468489,22,NaN,NaN
N0075,E063,TIME_EVENT,270,544,543270,1.69646,0.7812372,17.6719817767654,23,NaN,NaN
N0076,E064,TIME_EVENT,521,544,543521,3.27354,1,17.8625664388762,23,NaN,NaN
N0077,E065,TIME_EVENT,772,544,543772,4.850619,0.6596905,18.0531511009871,23,NaN,NaN
N0078,E066,TIME_EVENT,1000,544,544000,0,0.7045313,18.2262718299165,24,NaN,NaN
N0079,E067,TIME_EVENT,258,545,544258,1.621062,0.7400932,18.422171602126,24,NaN,NaN
N0080,E068,TIME_EVENT,521,545,544521,3.27354,0.9899262,18.621867881549,24,NaN,NaN
N0081,E069,TIME_EVENT,770,545,544770,4.838053,0.7091879,18.8109339407745,24,NaN,NaN
N0082,E070,TIME_EVENT,1000,545,545000,0,0.8036202,18.9855732725892,25,NaN,NaN
N0083,E071,TIME_EVENT,271,546,545271,1.702743,0.7999253,19.1913439635535,25,NaN,NaN
N0084,E072,TIME_EVENT,522,546,545522,3.279823,0.9649389,19.3819286256644,25,NaN,NaN
N0085,E073,TIME_EVENT,770,546,545770,4.838053,0.6521248,19.5702353834472,25,NaN,NaN
N0086,E074,TIME_EVENT,991,546,545991,6.226636,0.6883795,19.7380410022779,25,NaN,NaN
N0087,E075,TIME_EVENT,272,547,546272,1.709026,0.7466537,19.9514047076689,26,NaN,NaN
N0088,E076,TIME_EVENT,521,547,546521,3.27354,0.8978661,20.1404707668945,26,NaN,NaN
N0089,E077,TIME_EVENT,783,547,546783,4.919734,0.6264622,20.3394077448747,26,NaN,NaN
N0090,E078,TIME_EVENT,994,547,546994,6.245486,0.6577912,20.4996203492787,26,NaN,NaN
N0091,E079,TIME_EVENT,273,548,547273,1.71531,0.7647085,20.7114654517844,27,NaN,NaN
N0092,E080,TIME_EVENT,521,548,547521,3.27354,0.8560146,20.8997722095672,27,NaN,NaN
N0093,E081,TIME_EVENT,771,548,547771,4.844336,0.6548879,21.0895975702354,27,NaN,NaN
N0094,E082,TIME_EVENT,985,548,547985,6.188938,0.6895035,21.2520880789674,27,NaN,NaN
N0095,E083,TIME_EVENT,273,549,548273,1.71531,0.6629823,21.4707668944571,28,NaN,NaN
N0096,E084,TIME_EVENT,519,549,548519,3.260973,0.8212306,21.6575550493546,28,NaN,NaN
N0097,E085,TIME_EVENT,772,549,548772,4.850619,0.6776029,21.8496583143508,28,NaN,NaN
N0098,E086,TIME_EVENT,986,549,548986,6.195221,0.6913539,22.0121488230828,28,NaN,NaN
N0099,E087,TIME_EVENT,259,550,549259,1.627345,0.7058544,22.2194381169324,29,NaN,NaN
N0100,E088,TIME_EVENT,519,550,549519,3.260973,0.7712858,22.4168564920273,29,NaN,NaN
N0101,E089,TIME_EVENT,781,550,549781,4.907168,0.6957822,22.6157934700076,29,NaN,NaN
N0102,E090,TIME_EVENT,999,550,549999,6.276902,0.6381788,22.7813211845103,29,NaN,NaN
N0103,E091,TIME_EVENT,264,551,550264,1.658761,0.7162019,22.9825360668185,30,NaN,NaN
N0104,E092,TIME_EVENT,563,551,550563,3.537433,0.7602237,23.2095671981777,30,NaN,NaN
N0105,E093,TIME_EVENT,779,551,550779,4.894601,0.6278847,23.373576309795,30,NaN,NaN
N0106,E094,TIME_EVENT,1000,551,551000,0,0.8017181,23.5413819286257,31,NaN,NaN
N0107,E095,TIME_EVENT,260,552,551260,1.633628,0.7819004,23.7388003037206,31,NaN,NaN
N0108,E096,TIME_EVENT,563,552,551563,3.537433,0.7422931,23.9688686408504,31,NaN,NaN
N0109,E097,TIME_EVENT,769,552,551769,4.831769,0.6411772,24.125284738041,31,NaN,NaN
N0110,E098,TIME_EVENT,1000,552,552000,0,0.8143684,24.3006833712984,32,NaN,NaN
N0111,E099,TIME_EVENT,260,553,552260,1.633628,0.7715082,24.4981017463933,32,NaN,NaN
N0112,E100,TIME_EVENT,563,553,552563,3.537433,0.7364912,24.7281700835232,32,NaN,NaN
N0113,E101,TIME_EVENT,771,553,552771,4.844336,0.6540086,24.8861047835991,32,NaN,NaN
N0114,E102,TIME_EVENT,998,553,552998,6.270619,0.6689753,25.0584662110858,32,NaN,NaN
N0115,E103,TIME_EVENT,260,554,553260,1.633628,0.7640871,25.2574031890661,33,NaN,NaN
N0116,E104,TIME_EVENT,574,554,553574,3.606548,0.8007414,25.4958238420653,33,NaN,NaN
N0117,E105,TIME_EVENT,994,554,553994,6.245486,0.6687279,25.8147304479879,33,NaN,NaN
N0118,E106,TIME_EVENT,260,555,554260,1.633628,0.7462869,26.0167046317388,34,NaN,NaN
N0119,E107,TIME_EVENT,565,555,554565,3.55,0.6723083,26.248291571754,34,NaN,NaN
N0120,E108,TIME_EVENT,768,555,554768,4.825486,0.6353382,26.4024297646166,34,NaN,NaN
N0121,E109,TIME_EVENT,1000,555,555000,0,0.8345642,26.5785876993166,35,NaN,NaN
N0122,E110,TIME_EVENT,260,556,555260,1.633628,0.7133753,26.7760060744115,35,NaN,NaN
N0123,E111,TIME_EVENT,563,556,555563,3.537433,0.6515232,27.0060744115414,35,NaN,NaN
N0124,E112,TIME_EVENT,999,556,555999,6.276902,0.6986815,27.3371298405467,35,NaN,NaN
N0125,E113,TIME_EVENT,260,557,556260,1.633628,0.6307967,27.5353075170843,36,NaN,NaN
N0126,E114,TIME_EVENT,554,557,556554,3.480885,0.660229,27.7585421412301,36,NaN,NaN
N0127,E115,TIME_EVENT,1000,557,557000,0,0.7967347,28.0971905846621,37,NaN,NaN
N0128,E116,TIME_EVENT,221,558,557221,1.388584,0.6413627,28.2649962034928,37,NaN,NaN
N0129,E117,TIME_EVENT,452,558,557452,2.84,0.6689332,28.4403948367502,37,NaN,NaN
N0130,E118,TIME_EVENT,993,558,557993,6.239203,0.6763196,28.8511769172361,37,NaN,NaN
N0131,E119,TIME_EVENT,255,559,558255,1.602212,0.6179758,29.0501138952164,38,NaN,NaN
N0132,E120,TIME_EVENT,549,559,558549,3.449469,0.6901683,29.2733485193622,38,NaN,NaN
N0133,E121,TIME_EVENT,1000,559,559000,0,0.8063185,29.6157934700076,39,NaN,NaN
N0134,E122,TIME_EVENT,454,560,559454,2.852566,0.6408517,29.960516324981,39,NaN,NaN
N0135,C001,PHASE_CORE,770,548,547770,1.645968,0.2398795,NaN,NaN,1,NaN
N0136,C002,PHASE_CORE,573,237,236573,1.686747,0.2140542,NaN,NaN,-1,NaN
N0137,C003,PHASE_CORE,196,311,310196,0.9701335,0.2104315,NaN,NaN,1,NaN
N0138,C004,PHASE_CORE,871,421,420871,1.434692,0.1957071,NaN,NaN,-1,NaN
N0139,C005,PHASE_CORE,344,895,894344,-0.4369361,0.1642375,NaN,NaN,-1,NaN
N0140,C006,PHASE_CORE,72,509,508072,1.216685,0.1487885,NaN,NaN,1,NaN
N0141,C007,PHASE_CORE,126,574,573126,1.127235,0.1482694,NaN,NaN,1,NaN
N0142,C008,PHASE_CORE,423,176,175423,2.560801,0.1421818,NaN,NaN,1,NaN
N0143,C009,PHASE_CORE,236,451,450236,2.945848,0.1407917,NaN,NaN,1,NaN
N0144,C010,PHASE_CORE,380,207,206380,1.561857,0.1345212,NaN,NaN,-1,NaN
N0145,C011,PHASE_CORE,655,115,114655,1.445961,0.1330731,NaN,NaN,1,NaN
N0146,C012,PHASE_CORE,713,196,195713,2.584701,0.1319802,NaN,NaN,-1,NaN
N0147,C013,PHASE_CORE,335,820,819335,2.587864,0.1307815,NaN,NaN,-1,NaN
N0148,C014,PHASE_CORE,400,215,214400,-0.79053,0.1278988,NaN,NaN,-1,NaN
N0149,C015,PHASE_CORE,715,176,175715,1.228939,0.127265,NaN,NaN,1,NaN
N0150,C016,PHASE_CORE,797,694,693797,0.9413356,0.1250419,NaN,NaN,-1,NaN
N0151,C017,PHASE_CORE,899,492,491899,-2.038907,0.1244554,NaN,NaN,-1,NaN
N0152,C018,PHASE_CORE,754,595,594754,2.871221,0.1242516,NaN,NaN,-1,NaN
N0153,C019,PHASE_CORE,185,593,592185,2.523826,0.122208,NaN,NaN,-1,NaN
N0154,C020,PHASE_CORE,216,470,469216,1.543185,0.1214033,NaN,NaN,1,NaN
N0155,C021,PHASE_CORE,495,965,964495,-1.53257,0.1214009,NaN,NaN,-1,NaN
N0156,C022,PHASE_CORE,888,387,386888,2.665858,0.1152642,NaN,NaN,-1,NaN
N0157,C023,PHASE_CORE,708,653,652708,-2.868846,0.1147642,NaN,NaN,-1,NaN
N0158,C024,PHASE_CORE,737,213,212737,-2.284013,0.1145054,NaN,NaN,-1,NaN
N0159,C025,PHASE_CORE,646,140,139646,1.503355,0.1137818,NaN,NaN,1,NaN
N0160,C026,PHASE_CORE,372,234,233372,1.546924,0.1134786,NaN,NaN,1,NaN
N0161,C027,PHASE_CORE,853,373,372853,2.324093,0.1132616,NaN,NaN,1,NaN
N0162,C028,PHASE_CORE,287,748,747287,3.049487,0.1120322,NaN,NaN,1,NaN
N0163,C029,PHASE_CORE,586,852,851586,1.493865,0.111494,NaN,NaN,-1,NaN
N0164,C030,PHASE_CORE,189,580,579189,1.554612,0.1114913,NaN,NaN,-1,NaN
N0165,C031,PHASE_CORE,391,185,184391,1.536712,0.111258,NaN,NaN,1,NaN
N0166,C032,PHASE_CORE,521,933,932521,-1.956893,0.1110704,NaN,NaN,-1,NaN
N0167,C033,PHASE_CORE,277,448,447277,2.022406,0.1109719,NaN,NaN,-1,NaN
N0168,C034,PHASE_CORE,260,301,300260,1.54122,0.107836,NaN,NaN,1,NaN
N0169,C035,PHASE_CORE,429,763,762429,2.266062,0.1071899,NaN,NaN,-1,NaN
N0170,C036,PHASE_CORE,752,194,193752,-2.811582,0.1070932,NaN,NaN,-1,NaN
N0171,C037,PHASE_CORE,389,772,771389,1.222853,0.1063424,NaN,NaN,1,NaN
N0172,C038,PHASE_CORE,356,860,859356,2.08533,0.1034951,NaN,NaN,1,NaN
N0173,C039,PHASE_CORE,877,355,354877,0.6912138,0.1033661,NaN,NaN,1,NaN
N0174,C040,PHASE_CORE,553,838,837553,1.346111,0.1032264,NaN,NaN,-1,NaN
N0175,C041,PHASE_CORE,317,796,795317,1.045848,0.1026903,NaN,NaN,1,NaN
N0176,C042,PHASE_CORE,581,212,211581,2.999418,0.1015713,NaN,NaN,1,NaN
N0177,C043,PHASE_CORE,768,609,608768,-2.073901,0.1009314,NaN,NaN,-1,NaN
N0178,C044,PHASE_CORE,438,176,175438,1.527586,0.1003311,NaN,NaN,1,NaN
N0179,C045,PHASE_CORE,400,805,804400,-3.07794,0.1001424,NaN,NaN,1,NaN
N0180,C046,PHASE_CORE,317,756,755317,2.481287,0.09991609,NaN,NaN,1,NaN
N0181,C047,PHASE_CORE,746,659,658746,-2.209753,0.09954564,NaN,NaN,1,NaN
N0182,C048,PHASE_CORE,167,585,584167,2.678224,0.09935129,NaN,NaN,-1,NaN
N0183,C049,PHASE_CORE,303,800,799303,2.502797,0.0984627,NaN,NaN,1,NaN
N0184,C050,PHASE_CORE,248,620,619248,1.57396,0.09844498,NaN,NaN,1,NaN
N0185,C051,PHASE_CORE,906,463,462906,-3.003361,0.09776826,NaN,NaN,1,NaN
N0186,C052,PHASE_CORE,316,851,850316,-0.2451911,0.09715295,NaN,NaN,1,NaN
N0187,C053,PHASE_CORE,360,907,906360,-1.571873,0.09699421,NaN,NaN,-1,NaN
N0188,C054,PHASE_CORE,135,513,512135,1.462445,0.0969652,NaN,NaN,1,NaN
N0189,C055,PHASE_CORE,729,232,231729,2.410434,0.0960004,NaN,NaN,1,NaN
N0190,C056,PHASE_CORE,698,155,154698,-2.916731,0.0952306,NaN,NaN,-1,NaN
N0191,C057,PHASE_CORE,334,774,773334,-2.30378,0.09516823,NaN,NaN,1,NaN
N0192,C058,PHASE_CORE,418,189,188418,-0.02840133,0.09478506,NaN,NaN,-1,NaN
N0193,C059,PHASE_CORE,347,804,803347,-1.516899,0.09446171,NaN,NaN,1,NaN
N0194,C060,PHASE_CORE,407,774,773407,2.480576,0.09315774,NaN,NaN,1,NaN
N0195,C061,PHASE_CORE,608,894,893608,-2.535464,0.09314247,NaN,NaN,1,NaN
N0196,C062,PHASE_CORE,693,208,207693,0.9418584,0.09259789,NaN,NaN,-1,NaN
N0197,C063,PHASE_CORE,399,789,788399,2.382979,0.09229513,NaN,NaN,1,NaN
N0198,C064,PHASE_CORE,168,609,608168,2.169407,0.09228575,NaN,NaN,-1,NaN
N0199,C065,PHASE_CORE,112,523,522112,0.3809932,0.09218152,NaN,NaN,-1,NaN
N0200,C066,PHASE_CORE,885,364,363885,-1.85126,0.09214909,NaN,NaN,1,NaN
N0201,C067,PHASE_CORE,111,654,653111,-1.865197,0.09179453,NaN,NaN,-1,NaN
N0202,C068,PHASE_CORE,273,769,768273,2.312191,0.09162088,NaN,NaN,1,NaN
N0203,C069,PHASE_CORE,364,836,835364,-2.507798,0.09160122,NaN,NaN,-1,NaN
N0204,C070,PHASE_CORE,675,325,324675,1.615582,0.09096327,NaN,NaN,1,NaN
N0205,C071,PHASE_CORE,702,293,292702,2.072342,0.09066653,NaN,NaN,-1,NaN
N0206,C072,PHASE_CORE,859,438,437859,1.643186,0.08942799,NaN,NaN,-1,NaN
N0207,C073,PHASE_CORE,799,460,459799,-2.196677,0.08937753,NaN,NaN,1,NaN
N0208,C074,PHASE_CORE,150,518,517150,1.464656,0.08876284,NaN,NaN,-1,NaN
N0209,C075,PHASE_CORE,893,316,315893,-1.062755,0.08866027,NaN,NaN,-1,NaN
N0210,C076,PHASE_CORE,431,604,603431,-2.152528,0.08858383,NaN,NaN,-1,NaN
N0211,C077,PHASE_CORE,506,956,955506,-1.64475,0.08762742,NaN,NaN,1,NaN
N0212,C078,PHASE_CORE,414,760,759414,2.864677,0.08751747,NaN,NaN,1,NaN
N0213,C079,PHASE_CORE,665,130,129665,1.559317,0.08745331,NaN,NaN,-1,NaN
N0214,C080,PHASE_CORE,318,826,825318,-1.456961,0.08733719,NaN,NaN,1,NaN
N0215,C081,PHASE_CORE,360,892,891360,2.652057,0.08701698,NaN,NaN,-1,NaN
N0216,C082,PHASE_CORE,490,950,949490,2.111284,0.08670521,NaN,NaN,-1,NaN
N0217,C083,PHASE_CORE,737,356,355737,1.17688,0.08640616,NaN,NaN,1,NaN
N0218,C084,PHASE_CORE,583,252,251583,2.086852,0.08638761,NaN,NaN,-1,NaN
N0219,C085,PHASE_CORE,553,796,795553,2.716794,0.08630069,NaN,NaN,-1,NaN
N0220,C086,PHASE_CORE,371,792,791371,2.367721,0.08626494,NaN,NaN,1,NaN
N0221,C087,PHASE_CORE,347,758,757347,-2.836778,0.08595211,NaN,NaN,-1,NaN
N0222,C088,PHASE_CORE,722,327,326722,-2.776749,0.0856347,NaN,NaN,-1,NaN
N0223,C089,PHASE_CORE,337,787,786337,-3.009813,0.08559366,NaN,NaN,1,NaN
N0224,C090,PHASE_CORE,103,540,539103,1.299837,0.08553243,NaN,NaN,1,NaN
N0225,C091,PHASE_CORE,674,228,227674,2.387508,0.08535152,NaN,NaN,-1,NaN
N0226,C092,PHASE_CORE,780,625,624780,-2.234831,0.08525831,NaN,NaN,-1,NaN
N0227,C093,PHASE_CORE,357,778,777357,1.407279,0.08475097,NaN,NaN,-1,NaN
N0228,C094,PHASE_CORE,385,793,792385,2.756001,0.08410113,NaN,NaN,-1,NaN
N0229,C095,PHASE_CORE,577,833,832577,-1.895896,0.08407135,NaN,NaN,1,NaN
N0230,C096,PHASE_CORE,399,758,757399,-3.111167,0.08401182,NaN,NaN,-1,NaN
N0231,Y001,Y_JUNCTION,447,558,557447,-3.090649,0.7581623,NaN,NaN,NaN,3
N0232,Y002,Y_JUNCTION,532,572,571532,-2.426222,0.6554527,NaN,NaN,NaN,3
N0233,Y003,Y_JUNCTION,453,581,580453,-3.141561,0.4820426,NaN,NaN,NaN,3
N0234,Y004,Y_JUNCTION,245,548,547245,3.000524,0.3777429,NaN,NaN,NaN,3
N0235,Y005,Y_JUNCTION,286,365,364286,2.218317,0,NaN,NaN,NaN,3
N0236,Y006,Y_JUNCTION,744,425,424744,-2.996402,0,NaN,NaN,NaN,3
N0237,Y007,Y_JUNCTION,444,435,434444,2.593767,0,NaN,NaN,NaN,3
N0238,Y008,Y_JUNCTION,747,443,442747,-2.196934,0,NaN,NaN,NaN,3
N0239,Y009,Y_JUNCTION,416,528,527416,2.534797,0,NaN,NaN,NaN,3
N0240,Y010,Y_JUNCTION,362,708,707362,-2.717039,0,NaN,NaN,NaN,3
N0241,D001,DEFECT_REFERENCE,75,384,383075,NaN,1,NaN,NaN,-4,10
N0242,D002,DEFECT_REFERENCE,672,821,820672,NaN,1,NaN,NaN,-4,10
N0243,D003,DEFECT_REFERENCE,854,708,707854,NaN,1,NaN,NaN,-4,10
N0244,D004,DEFECT_REFERENCE,374,772,771374,NaN,1,NaN,NaN,-4,10
N0245,D005,DEFECT_REFERENCE,535,1000,999535,NaN,0,NaN,NaN,-3,9
N0246,D006,DEFECT_REFERENCE,1000,152,152000,NaN,0,NaN,NaN,-3,9
N0247,D007,DEFECT_REFERENCE,1,285,284001,NaN,0,NaN,NaN,-3,9
N0248,D008,DEFECT_REFERENCE,45,685,684045,NaN,0,NaN,NaN,-3,9
N0249,D009,DEFECT_REFERENCE,974,748,747974,NaN,0,NaN,NaN,-3,9
N0250,D010,DEFECT_REFERENCE,505,1,505,NaN,0,NaN,NaN,-3,9
N0251,D011,DEFECT_REFERENCE,640,21,20640,NaN,0,NaN,NaN,-3,9
N0252,D012,DEFECT_REFERENCE,54,586,585054,NaN,0,NaN,NaN,-3,9
N0253,D013,DEFECT_REFERENCE,432,874,873432,NaN,0,NaN,NaN,-3,9
N0254,D014,DEFECT_REFERENCE,653,871,870653,NaN,0,NaN,NaN,-3,9
N0255,D015,DEFECT_REFERENCE,109,243,242109,NaN,0,NaN,NaN,-3,9
N0256,D016,DEFECT_REFERENCE,55,417,416055,NaN,0,NaN,NaN,-3,9
N0257,D017,DEFECT_REFERENCE,300,102,101300,NaN,0,NaN,NaN,-3,9
N0258,D018,DEFECT_REFERENCE,371,95,94371,NaN,0,NaN,NaN,-3,9
N0259,D019,DEFECT_REFERENCE,844,192,191844,NaN,0,NaN,NaN,-3,9
N0260,D020,DEFECT_REFERENCE,584,793,792584,NaN,0,NaN,NaN,-3,9
N0261,D021,DEFECT_REFERENCE,688,748,747688,NaN,0,NaN,NaN,-3,9
N0262,D022,DEFECT_REFERENCE,894,354,353894,NaN,0,NaN,NaN,-3,9
N0263,D023,DEFECT_REFERENCE,226,299,298226,NaN,0,NaN,NaN,-3,9
N0264,D024,DEFECT_REFERENCE,840,610,609840,NaN,0,NaN,NaN,-3,9
N0265,D025,DEFECT_REFERENCE,778,632,631778,NaN,0,NaN,NaN,-3,9
N0266,D026,DEFECT_REFERENCE,784,328,327784,NaN,0,NaN,NaN,-3,9
N0267,D027,DEFECT_REFERENCE,517,694,693517,NaN,0,NaN,NaN,-3,9
N0268,D028,DEFECT_REFERENCE,644,639,638644,NaN,0,NaN,NaN,-3,9
N0269,D029,DEFECT_REFERENCE,718,366,365718,NaN,0,NaN,NaN,-3,9
N0270,D030,DEFECT_REFERENCE,697,547,546697,NaN,0,NaN,NaN,-3,9
N0271,D031,DEFECT_REFERENCE,717,421,420717,NaN,0,NaN,NaN,-3,9
N0272,D032,DEFECT_REFERENCE,662,397,396662,NaN,0,NaN,NaN,-3,9
