edge_id,source_node,target_node,edge_type,weight,distance_pixels,phase_difference_rad,time_difference_sec
G00001,N0001,N0014,SPATIAL,1,0,NaN,NaN
G00002,N0001,N0016,SPATIAL,0.999938273510096,1,NaN,NaN
G00003,N0001,N0004,SPATIAL,0.988157105465138,13.8924439894498,NaN,NaN
G00004,N0001,N0043,SPATIAL,0.988157105465138,13.8924439894498,NaN,NaN
G00005,N0002,N0037,SPATIAL,1,0,NaN,NaN
G00006,N0002,N0031,SPATIAL,0.999753116900402,2,NaN,NaN
G00007,N0002,N0003,SPATIAL,0.999691405649726,2.23606797749979,NaN,NaN
G00008,N0002,N0033,SPATIAL,0.999691405649726,2.23606797749979,NaN,NaN
G00009,N0003,N0039,SPATIAL,1,0,NaN,NaN
G00010,N0003,N0041,SPATIAL,0.999938273510096,1,NaN,NaN
G00011,N0003,N0033,SPATIAL,0.999753116900402,2,NaN,NaN
G00012,N0004,N0043,SPATIAL,1,0,NaN,NaN
G00013,N0004,N0016,SPATIAL,0.989561040950534,13.0384048104053,NaN,NaN
G00014,N0004,N0014,SPATIAL,0.988157105465138,13.8924439894498,NaN,NaN
G00015,N0005,N0045,SPATIAL,1,0,NaN,NaN
G00016,N0005,N0006,SPATIAL,0.999691405649726,2.23606797749979,NaN,NaN
G00017,N0005,N0048,SPATIAL,0.999691405649726,2.23606797749979,NaN,NaN
G00018,N0005,N0041,SPATIAL,0.999197852756446,3.60555127546399,NaN,NaN
G00019,N0006,N0048,SPATIAL,1,0,NaN,NaN
G00020,N0006,N0045,SPATIAL,0.999691405649726,2.23606797749979,NaN,NaN
G00021,N0006,N0008,SPATIAL,0.998766193864201,4.47213595499958,NaN,NaN
G00022,N0007,N0051,SPATIAL,1,0,NaN,NaN
G00023,N0007,N0008,SPATIAL,0.999876550830352,1.4142135623731,NaN,NaN
G00024,N0007,N0053,SPATIAL,0.999876550830352,1.4142135623731,NaN,NaN
G00025,N0007,N0009,SPATIAL,0.999753116900402,2,NaN,NaN
G00026,N0008,N0053,SPATIAL,1,0,NaN,NaN
G00027,N0008,N0009,SPATIAL,0.999876550830352,1.4142135623731,NaN,NaN
G00028,N0008,N0051,SPATIAL,0.999876550830352,1.4142135623731,NaN,NaN
G00029,N0009,N0056,SPATIAL,1,0,NaN,NaN
G00030,N0009,N0053,SPATIAL,0.999876550830352,1.4142135623731,NaN,NaN
G00031,N0010,N0059,SPATIAL,1,0,NaN,NaN
G00032,N0010,N0011,SPATIAL,0.999876550830352,1.4142135623731,NaN,NaN
G00033,N0010,N0062,SPATIAL,0.999876550830352,1.4142135623731,NaN,NaN
G00034,N0010,N0008,SPATIAL,0.999691405649726,2.23606797749979,NaN,NaN
G00035,N0011,N0062,SPATIAL,1,0,NaN,NaN
G00036,N0011,N0012,SPATIAL,0.999876550830352,1.4142135623731,NaN,NaN
G00037,N0011,N0059,SPATIAL,0.999876550830352,1.4142135623731,NaN,NaN
G00038,N0012,N0065,SPATIAL,1,0,NaN,NaN
G00039,N0012,N0062,SPATIAL,0.999876550830352,1.4142135623731,NaN,NaN
G00040,N0012,N0068,SPATIAL,0.999876550830352,1.4142135623731,NaN,NaN
G00041,N0013,N0015,SPATIAL,0.468541353940964,2.23606797749979,0.0125663923099637,0.757782839787396
G00042,N0013,N0022,SPATIAL,0.0479213856160641,4,0,3.03720577069096
G00043,N0013,N0024,SPATIAL,0.0224588140845299,7.81024967590665,0.0376990474760532,3.79195140470767
G00044,N0013,N0038,SPATIAL,0.000500858353916556,10,0,7.59301442672741
G00045,N0014,N0016,SPATIAL,0.467964321374893,1,0,0.759301442672741
G00046,N0014,N0043,SPATIAL,0.00010959712381009,13.8924439894498,0.0439822673797607,9.10630220197418
G00047,N0015,N0022,SPATIAL,0.102257117629051,3.60555127546399,0.0125663923099637,2.27942293090357
G00048,N0015,N0024,SPATIAL,0.0480121225118637,5.65685424949238,0.0251326560974121,3.03416856492027
G00049,N0015,N0032,SPATIAL,0.00491159502416849,9.21954445729289,0.0376992225646973,5.31055429005315
G00050,N0016,N0043,SPATIAL,0.00023451799643226,13.0384048104053,0.0439822673797607,8.34700075930144
G00051,N0017,N0040,SPATIAL,0.00107019790448248,15,0.0753979682922363,6.8246013667426
G00052,N0017,N0047,SPATIAL,0.000106734056316782,18.4390889145858,0.0879645347595215,9.12224753227031
G00053,N0017,N0035,SPATIAL,0.00472446158528328,19.313207915828,0.113097183406353,5.3287775246773
G00054,N0017,N0032,SPATIAL,0.010068872012198,19.9248588451713,0.119380474090576,4.57023538344723
G00055,N0018,N0129,SPATIAL,2.66087369152346e-12,37,0.0753982067108154,26.5664388762339
G00056,N0018,N0134,SPATIAL,5.78564431606698e-13,38.3275357934736,0.0628316402435303,28.0865603644647
G00057,N0018,N0231,SPATIAL,0.893400847911835,38.9101529166874,0.27713805437088,NaN
G00058,N0018,N0004,SPATIAL,0.886646738081244,44.1474801092882,NaN,NaN
G00059,N0019,N0270,SPATIAL,0.962926900872737,24.738633753706,NaN,NaN
G00060,N0019,N0069,SPATIAL,4.56103975920996e-07,45.18849411078,0.25761079788208,14.4578587699317
G00061,N0019,N0054,SPATIAL,1.61117532115895e-05,70.4059656563277,0.433539867401123,10.6826119969628
G00062,N0019,N0063,SPATIAL,1.50079654304136e-06,78.8542960148653,0.483805149793625,12.9665907365224
G00063,N0020,N0027,SPATIAL,0.102635823190212,5,0.0251326560974121,2.27486712224753
G00064,N0020,N0030,SPATIAL,0.0480176359415054,6.40312423743285,0.031415943056345,3.0334092634776
G00065,N0020,N0044,SPATIAL,0.000501606205943972,12.8062484748657,0.0502653121948242,7.58694001518603
G00066,N0020,N0040,SPATIAL,0.00224784296005964,14.422205101856,0.0753984451293945,6.083523158694
G00067,N0021,N0023,SPATIAL,0.468286275863647,1.4142135623731,0.00628304434940219,0.758542141230068
G00068,N0021,N0029,SPATIAL,0.102635823190212,5,0.0251326560974121,2.27486712224753
G00069,N0021,N0026,SPATIAL,0.219403386116028,5.3851648071345,0.031415943056345,1.51480637813212
G00070,N0021,N0033,SPATIAL,0.0224510729312897,5.8309518948453,0.0188493728637695,3.79422930903569
G00071,N0022,N0038,SPATIAL,0.0104826800525188,6,0,4.55580865603645
G00072,N0022,N0024,SPATIAL,0.468891024589539,6.08276253029822,0.0376990474760532,0.754745634016705
G00073,N0023,N0029,SPATIAL,0.219321563839912,3.60555127546399,0.0188496112823486,1.51632498101746
G00074,N0023,N0026,SPATIAL,0.468850404024124,4.12310562561766,0.0251328945159912,0.75626423690205
G00075,N0023,N0033,SPATIAL,0.047980472445488,4.47213595499958,0.0125663289800286,3.03568716780562
G00076,N0024,N0032,SPATIAL,0.102568171918392,3.60555127546399,0.0125665673986077,2.27638572513288
G00077,N0024,N0035,SPATIAL,0.0479997284710407,5,0.0188498497009277,3.03492786636295
G00078,N0025,N0028,SPATIAL,0.467575669288635,1.4142135623731,0.00628316355869174,0.760060744115413
G00079,N0025,N0036,SPATIAL,0.0478815846145153,4.12310562561766,0.00628316355869174,3.03796507213364
G00080,N0025,N0067,SPATIAL,5.08462289872114e-06,21.2602916254693,0.0879645347595215,12.1594533029613
G00081,N0025,N0234,SPATIAL,0.538388669490814,22,1.46114361286163,NaN
G00082,N0026,N0029,SPATIAL,0.467575669288635,1.4142135623731,0.00628328276798129,0.760060744115414
G00083,N0026,N0031,SPATIAL,0.218963593244553,2,0,1.51860288534548
G00084,N0026,N0033,SPATIAL,0.102257117629051,3.60555127546399,0.0125665673986077,2.27942293090357
G00085,N0026,N0002,SPATIAL,0.999012833249011,4,NaN,NaN
G00086,N0027,N0030,SPATIAL,0.468286275863647,1.4142135623731,0.00628328276798129,0.758542141230068
G00087,N0027,N0044,SPATIAL,0.00491116940975189,8.06225774829855,0.0251326560974121,5.3120728929385
G00088,N0027,N0040,SPATIAL,0.0217415653169155,16.7630546142402,0.100531108677387,3.80865603644647
G00089,N0028,N0036,SPATIAL,0.102441854774952,3,0,2.27790432801822
G00090,N0028,N0067,SPATIAL,1.09148977571749e-05,19.8494332412792,0.0816813632845879,11.3993925588459
G00091,N0028,N0071,SPATIAL,5.09833262185566e-06,20.6155281280883,0.0816813632845879,12.1586940015186
G00092,N0029,N0031,SPATIAL,0.468286275863647,1.4142135623731,0.00628328276798129,0.758542141230068
G00093,N0029,N0033,SPATIAL,0.218781724572182,2.23606797749979,0.00628328276798129,1.51936218678815
G00094,N0029,N0002,SPATIAL,0.999382906529925,3.16227766016838,NaN,NaN
G00095,N0030,N0044,SPATIAL,0.0104998182505369,6.70820393249937,0.0188493728637695,4.55353075170843
G00096,N0030,N0040,SPATIAL,0.0463379174470901,17.464249196573,0.106814377009869,3.0501138952164
G00097,N0031,N0037,SPATIAL,0.218963593244553,2,0,1.51860288534548
G00098,N0032,N0035,SPATIAL,0.468286275863647,1.4142135623731,0.00628328276798129,0.758542141230068
G00099,N0032,N0042,SPATIAL,0.0478815846145153,4.12310562561766,0.00628328276798129,3.03796507213364
G00100,N0032,N0047,SPATIAL,0.0105037353932858,7.81024967590665,0.031415943056345,4.55201214882308
G00101,N0033,N0039,SPATIAL,0.218963593244553,2,0,1.51860288534548
G00102,N0034,N0046,SPATIAL,0.0223208703100681,6.40312423743285,0.0251326560974121,3.7995444191344
G00103,N0034,N0049,SPATIAL,0.0104389255866408,7.21110255092798,0.0251326560974121,4.55884586180714
G00104,N0034,N0057,SPATIAL,0.00106954923830926,9.21954445729289,0.0125660905614495,6.83523158694002
G00105,N0034,N0060,SPATIAL,0.000500442343764007,10.0498756211209,0.00628328276798129,7.59377372817008
G00106,N0035,N0042,SPATIAL,0.102257117629051,3.60555127546399,0.0125665673986077,2.27942293090357
G00107,N0035,N0047,SPATIAL,0.0224568694829941,6.40312423743285,0.0251326560974121,3.79347000759301
G00108,N0036,N0067,SPATIAL,0.000107021842268296,17.6918060129541,0.0816813632845879,9.12148823082764
G00109,N0036,N0234,SPATIAL,0.546758472919464,18.0277563773199,1.45486044883728,NaN
G00110,N0037,N0003,SPATIAL,0.999691405649726,2.23606797749979,NaN,NaN
G00111,N0037,N0033,SPATIAL,0.468541353940964,2.23606797749979,0.0125665673986077,0.757782839787396
G00112,N0038,N0050,SPATIAL,0.0224568676203489,6.40312423743285,0.0251329597085714,3.79347000759301
G00113,N0038,N0052,SPATIAL,0.010502528399229,7.21110255092798,0.0251329597085714,4.55277145026576
G00114,N0038,N0042,SPATIAL,0.219359576702118,7.28010988928052,0.0439823307096958,1.51328777524677
G00115,N0039,N0041,SPATIAL,0.467964321374893,1,0,0.75930144267274
G00116,N0039,N0002,SPATIAL,0.999691405649726,2.23606797749979,NaN,NaN
G00117,N0041,N0002,SPATIAL,0.99950629475207,2.82842712474619,NaN,NaN
G00118,N0041,N0037,SPATIAL,0.218568727374077,2.82842712474619,0.0125665673986077,1.52012148823083
G00119,N0042,N0050,SPATIAL,0.102142930030823,4.24264068711928,0.0188493728637695,2.28018223234624
G00120,N0042,N0052,SPATIAL,0.0477815493941307,5,0.0188493728637695,3.03948367501898
G00121,N0044,N0040,SPATIAL,0.216037005186081,20.0997512422418,0.125663742423058,1.50341685649203
G00122,N0045,N0048,SPATIAL,0.468541353940964,2.23606797749979,0.0125663289800286,0.757782839787396
G00123,N0045,N0041,SPATIAL,0.219321563839912,3.60555127546399,0.0188496112823486,1.51632498101746
G00124,N0046,N0049,SPATIAL,0.467964321374893,1,0,0.75930144267274
G00125,N0046,N0057,SPATIAL,0.047980472445488,4.47213595499958,0.0125665673986077,3.03568716780562
G00126,N0046,N0060,SPATIAL,0.0224510729312897,5.8309518948453,0.0188493728637695,3.79422930903569
G00127,N0047,N0042,SPATIAL,0.219397202134132,6.32455532033676,0.0376992225646973,1.51404707668945
G00128,N0047,N0070,SPATIAL,0.00228779413737357,8.24621125123532,0.0125665673986077,6.07593014426728
G00129,N0048,N0008,SPATIAL,0.998766193864201,4.47213595499958,NaN,NaN
G00130,N0049,N0057,SPATIAL,0.102568171918392,3.60555127546399,0.0125665673986077,2.27638572513288
G00131,N0049,N0060,SPATIAL,0.0479997284710407,5,0.0188493728637695,3.03492786636295
G00132,N0050,N0052,SPATIAL,0.467964321374893,1,0,0.759301442672742
G00133,N0050,N0055,SPATIAL,0.218963593244553,2,0,1.51860288534548
G00134,N0050,N0058,SPATIAL,0.102014251053333,5,0.0251329597085714,2.28094153378891
G00135,N0051,N0053,SPATIAL,0.467575669288635,1.4142135623731,0.00628304434940219,0.760060744115414
G00136,N0051,N0009,SPATIAL,0.999753116900402,2,NaN,NaN
G00137,N0052,N0055,SPATIAL,0.467964321374893,1,0,0.75930144267274
G00138,N0052,N0061,SPATIAL,0.102142930030823,4.24264068711928,0.0188498497009277,2.28018223234624
G00139,N0052,N0058,SPATIAL,0.218049615621567,4.47213595499958,0.0251329597085714,1.52164009111617
G00140,N0054,N0063,SPATIAL,0.101355962455273,8.54400374531753,0.0502653121948242,2.28397873955961
G00141,N0054,N0073,SPATIAL,0.0103510832414031,10.816653826392,0.0565485917031765,4.5626423690205
G00142,N0054,N0060,SPATIAL,0.215269237756729,11.1803398874989,0.069115161895752,1.52695520121488
G00143,N0054,N0057,SPATIAL,0.458963215351105,12.0415945787923,0.0753979682922363,0.768413059984814
G00144,N0055,N0061,SPATIAL,0.218324646353722,3.60555127546399,0.0188498497009277,1.5208807896735
G00145,N0055,N0066,SPATIAL,0.0479213856160641,4,0,3.03720577069096
G00146,N0056,N0008,SPATIAL,0.999876550830352,1.4142135623731,NaN,NaN
G00147,N0056,N0053,SPATIAL,0.468286275863647,1.4142135623731,0.00628304434940219,0.758542141230068
G00148,N0056,N0007,SPATIAL,0.999753116900402,2,NaN,NaN
G00149,N0057,N0060,SPATIAL,0.468286275863647,1.4142135623731,0.00628280593082309,0.758542141230068
G00150,N0057,N0063,SPATIAL,0.219378188252449,4.47213595499958,0.0251326560974121,1.51556567957479
G00151,N0058,N0061,SPATIAL,0.468286275863647,1.4142135623731,0.00628310814499855,0.758542141230068
G00152,N0058,N0064,SPATIAL,0.218963593244553,2,0,1.51860288534548
G00153,N0058,N0055,SPATIAL,0.466011017560959,4.12310562561766,0.0251329597085714,0.762338648443432
G00154,N0059,N0062,SPATIAL,0.468286275863647,1.4142135623731,0.00628328276798129,0.758542141230068
G00155,N0059,N0008,SPATIAL,0.999691405649726,2.23606797749979,NaN,NaN
G00156,N0060,N0063,SPATIAL,0.46872940659523,3.16227766016838,0.0188498497009277,0.757023538344724
G00157,N0060,N0073,SPATIAL,0.047980472445488,4.47213595499958,0.0125665673986077,3.03568716780562
G00158,N0061,N0064,SPATIAL,0.467575669288635,1.4142135623731,0.00628310814499855,0.760060744115414
G00159,N0061,N0066,SPATIAL,0.219321563839912,3.60555127546399,0.0188498497009277,1.51632498101746
G00160,N0063,N0073,SPATIAL,0.102356769144535,3.16227766016838,0.00628328276798129,2.2786636294609
G00161,N0063,N0081,SPATIAL,0.0223740078508854,5.3851648071345,0.0125665673986077,3.79802581624905
G00162,N0064,N0078,SPATIAL,0.0479213856160641,4,0,3.03720577069097
G00163,N0064,N0066,SPATIAL,0.468850374221802,4.12310562561766,0.0251329597085714,0.75626423690205
G00164,N0065,N0011,SPATIAL,0.999876550830352,1.4142135623731,NaN,NaN
G00165,N0065,N0062,SPATIAL,0.468286275863647,1.4142135623731,0.00628304434940219,0.758542141230068
G00166,N0065,N0068,SPATIAL,0.468286275863647,1.4142135623731,0.00628328276798129,0.758542141230068
G00167,N0066,N0052,SPATIAL,0.0224144272506237,5,0,3.7965072133637
G00168,N0067,N0071,SPATIAL,0.467964321374893,1,0,0.759301442672744
G00169,N0067,N0079,SPATIAL,0.102512329816818,3.16227766016838,0.00628316355869174,2.27714502657555
G00170,N0067,N0099,SPATIAL,0.00229192734695971,8,0,6.07441154138193
G00171,N0067,N0107,SPATIAL,0.000500442343764007,10.0498756211209,0.00628316355869174,7.59377372817008
G00172,N0068,N0011,SPATIAL,0.99950629475207,2.82842712474619,NaN,NaN
G00173,N0068,N0062,SPATIAL,0.219233572483063,2.82842712474619,0.0125663289800286,1.51708428246014
G00174,N0069,N0054,SPATIAL,0.0216460376977921,28.4429253066558,0.175929069519043,3.77524677296887
G00175,N0069,N0270,SPATIAL,0.925741265924383,35.3553390593274,NaN,NaN
G00176,N0069,N0063,SPATIAL,0.205084472894669,36.0555127546399,0.226194366812706,1.49126803340926
G00177,N0069,N0073,SPATIAL,0.412505596876144,37.0135110466435,0.23247766494751,0.787395596051631
G00178,N0070,N0074,SPATIAL,0.468541353940964,2.23606797749979,0.0125665673986077,0.757782839787396
G00179,N0070,N0086,SPATIAL,0.0478349663317204,4.47213595499958,0.0125660905614495,3.03872437357631
G00180,N0070,N0066,SPATIAL,0.468810617923737,7.07106781186548,0.0439820252358913,0.753986332574033
G00181,N0070,N0090,SPATIAL,0.0222895592451096,7.07106781186548,0.031415943056345,3.80030372057707
G00182,N0071,N0079,SPATIAL,0.219114229083061,2.23606797749979,0.00628316355869174,1.51784358390281
G00183,N0071,N0099,SPATIAL,0.00490188831463456,7,0,5.31511009870919
G00184,N0071,N0107,SPATIAL,0.0010705916211009,9.05538513813742,0.00628316355869174,6.83447228549734
G00185,N0072,N0076,SPATIAL,0.467575669288635,1.4142135623731,0.00628328276798129,0.760060744115414
G00186,N0072,N0080,SPATIAL,0.218781724572182,2.23606797749979,0.00628328276798129,1.51936218678816
G00187,N0072,N0068,SPATIAL,0.46872940659523,3.16227766016838,0.0188496112823486,0.757023538344722
G00188,N0072,N0084,SPATIAL,0.102257117629051,3.60555127546399,0.0125665673986077,2.27942293090357
G00189,N0073,N0081,SPATIAL,0.218781724572182,2.23606797749979,0.00628328276798129,1.51936218678815
G00190,N0073,N0077,SPATIAL,0.466598838567734,3.16227766016838,0.0188493728637695,0.761579347000758
G00191,N0073,N0085,SPATIAL,0.102356769144535,3.16227766016838,0.00628328276798129,2.2786636294609
G00192,N0074,N0086,SPATIAL,0.102014258503914,5,0.0251326560974121,2.28094153378891
G00193,N0074,N0094,SPATIAL,0.022442065179348,5.3851648071345,0.0125660905614495,3.79498861047836
G00194,N0074,N0098,SPATIAL,0.0104898912832141,6.08276253029822,0.00628280593082309,4.55504935459377
G00195,N0075,N0083,SPATIAL,0.218781724572182,2.23606797749979,0.00628316355869174,1.51936218678816
G00196,N0075,N0087,SPATIAL,0.102257117629051,3.60555127546399,0.0125664481893182,2.27942293090357
G00197,N0075,N0091,SPATIAL,0.0477815493941307,5,0.0188496112823486,3.03948367501899
G00198,N0075,N0095,SPATIAL,0.0223490223288536,5.8309518948453,0.0188496112823486,3.79878511769173
G00199,N0076,N0080,SPATIAL,0.467964321374893,1,0,0.759301442672744
G00200,N0076,N0084,SPATIAL,0.218781724572182,2.23606797749979,0.00628328276798129,1.51936218678816
G00201,N0076,N0068,SPATIAL,0.219233572483063,2.82842712474619,0.0125663289800286,1.51708428246014
G00202,N0077,N0081,SPATIAL,0.468541353940964,2.23606797749979,0.0125660905614495,0.757782839787396
G00203,N0077,N0085,SPATIAL,0.219233572483063,2.82842712474619,0.0125660905614495,1.51708428246014
G00204,N0077,N0093,SPATIAL,0.0479543507099152,4.12310562561766,0.00628280593082309,3.03644646924829
G00205,N0078,N0082,SPATIAL,0.467964321374893,1,0,0.75930144267274
G00206,N0078,N0066,SPATIAL,0.102014251053333,5,0.0251329597085714,2.28094153378892
G00207,N0078,N0061,SPATIAL,0.0223958101123571,5.09901951359278,0.00628310814499855,3.79726651480638
G00208,N0079,N0099,SPATIAL,0.0223958101123571,5.09901951359278,0.00628316355869174,3.79726651480638
G00209,N0079,N0107,SPATIAL,0.00489304820075631,7.28010988928052,0.0125663289800286,5.31662870159453
G00210,N0080,N0084,SPATIAL,0.467575669288635,1.4142135623731,0.00628328276798129,0.760060744115414
G00211,N0080,N0088,SPATIAL,0.218963593244553,2,0,1.51860288534548
G00212,N0081,N0085,SPATIAL,0.467964321374893,1,0,0.759301442672744
G00213,N0082,N0064,SPATIAL,0.0224144272506237,5,0,3.79650721336371
G00214,N0082,N0102,SPATIAL,0.022429846227169,5.09901951359278,0.00628310814499855,3.79574791192103
G00215,N0082,N0066,SPATIAL,0.0477213561534882,5.65685424949238,0.0251329597085714,3.04024297646166
G00216,N0083,N0087,SPATIAL,0.467575669288635,1.4142135623731,0.00628328276798129,0.760060744115414
G00217,N0083,N0091,SPATIAL,0.218568727374077,2.82842712474619,0.0125664481893182,1.52012148823083
G00218,N0083,N0095,SPATIAL,0.102257117629051,3.60555127546399,0.0125664481893182,2.27942293090357
G00219,N0084,N0088,SPATIAL,0.468286275863647,1.4142135623731,0.00628328276798129,0.758542141230066
G00220,N0084,N0092,SPATIAL,0.219114229083061,2.23606797749979,0.00628328276798129,1.51784358390281
G00221,N0085,N0093,SPATIAL,0.218781724572182,2.23606797749979,0.00628328276798129,1.51936218678815
G00222,N0086,N0090,SPATIAL,0.466598838567734,3.16227766016838,0.0188498497009277,0.761579347000762
G00223,N0086,N0098,SPATIAL,0.102647617459297,5.8309518948453,0.0314154624938965,2.27410782080486
G00224,N0087,N0091,SPATIAL,0.467575669288635,1.4142135623731,0.00628316355869174,0.760060744115414
G00225,N0087,N0095,SPATIAL,0.218781724572182,2.23606797749979,0.00628316355869174,1.51936218678815
G00226,N0088,N0092,SPATIAL,0.467964321374893,1,0,0.759301442672744
G00227,N0088,N0096,SPATIAL,0.219233572483063,2.82842712474619,0.0125663289800286,1.51708428246014
G00228,N0089,N0101,SPATIAL,0.102568171918392,3.60555127546399,0.0125660905614495,2.27638572513288
G00229,N0089,N0105,SPATIAL,0.0480121225118637,5.65685424949238,0.0251326560974121,3.03416856492027
G00230,N0089,N0097,SPATIAL,0.218895435333252,11.1803398874989,0.069115161895752,1.51025056947608
G00231,N0089,N0077,SPATIAL,0.100713461637497,11.4017542509914,0.069115161895752,2.28625664388763
G00232,N0090,N0102,SPATIAL,0.101871162652969,5.8309518948453,0.031415943056345,2.28170083523159
G00233,N0090,N0066,SPATIAL,0.0104956058785319,6.32455532033676,0.0125660905614495,4.5542900531511
G00234,N0090,N0082,SPATIAL,0.219397202134132,6.32455532033676,0.0376990474760532,1.51404707668945
G00235,N0091,N0095,SPATIAL,0.467964321374893,1,0,0.75930144267274
G00236,N0092,N0096,SPATIAL,0.468541353940964,2.23606797749979,0.0125663289800286,0.757782839787396
G00237,N0092,N0100,SPATIAL,0.219233572483063,2.82842712474619,0.0125663289800286,1.51708428246014
G00238,N0093,N0097,SPATIAL,0.467575669288635,1.4142135623731,0.00628280593082309,0.760060744115414
G00239,N0093,N0081,SPATIAL,0.102356769144535,3.16227766016838,0.00628328276798129,2.2786636294609
G00240,N0094,N0098,SPATIAL,0.467575669288635,1.4142135623731,0.00628328276798129,0.760060744115414
G00241,N0094,N0086,SPATIAL,0.219397202134132,6.32455532033676,0.0376987420022488,1.51404707668945
G00242,N0094,N0070,SPATIAL,0.010502528399229,7.21110255092798,0.0251326560974121,4.55277145026576
G00243,N0096,N0100,SPATIAL,0.467964321374893,1,0,0.75930144267274
G00244,N0096,N0084,SPATIAL,0.10260933637619,4.24264068711928,0.0188496112823486,2.27562642369021
G00245,N0097,N0085,SPATIAL,0.102257117629051,3.60555127546399,0.0125660905614495,2.27942293090357
G00246,N0097,N0113,SPATIAL,0.0479543507099152,4.12310562561766,0.00628280593082309,3.03644646924829
G00247,N0098,N0070,SPATIAL,0.00490990234538913,7.61577310586391,0.0188493728637695,5.31283219438117
G00248,N0099,N0107,SPATIAL,0.218781724572182,2.23606797749979,0.00628316355869174,1.51936218678815
G00249,N0099,N0111,SPATIAL,0.102356769144535,3.16227766016838,0.00628316355869174,2.27866362946089
G00250,N0099,N0115,SPATIAL,0.0478815846145153,4.12310562561766,0.00628316355869174,3.03796507213364
G00251,N0100,N0088,SPATIAL,0.102568171918392,3.60555127546399,0.0125663289800286,2.27638572513288
G00252,N0100,N0084,SPATIAL,0.0479997284710407,5,0.0188496112823486,3.03492786636295
G00253,N0101,N0105,SPATIAL,0.468541353940964,2.23606797749979,0.0125665673986077,0.757782839787396
G00254,N0101,N0097,SPATIAL,0.462089627981186,9.05538513813742,0.056549072265625,0.766135155656794
G00255,N0101,N0093,SPATIAL,0.215756937861443,10.1980390271856,0.0628318786621094,1.52619589977221
G00256,N0102,N0106,SPATIAL,0.467575669288635,1.4142135623731,0.00628310814499855,0.760060744115414
G00257,N0102,N0110,SPATIAL,0.218781724572182,2.23606797749979,0.00628310814499855,1.51936218678815
G00258,N0102,N0114,SPATIAL,0.102512329816818,3.16227766016838,0.00628328276798129,2.27714502657555
G00259,N0103,N0107,SPATIAL,0.468850404024124,4.12310562561766,0.0251327753067017,0.756264236902052
G00260,N0103,N0111,SPATIAL,0.219378188252449,4.47213595499958,0.0251327753067017,1.51556567957479
G00261,N0103,N0115,SPATIAL,0.102635823190212,5,0.0251327753067017,2.27486712224754
G00262,N0103,N0099,SPATIAL,0.46535736322403,5.09901951359278,0.031415943056345,0.763097949886102
G00263,N0104,N0108,SPATIAL,0.467964321374893,1,0,0.75930144267274
G00264,N0104,N0112,SPATIAL,0.218963593244553,2,0,1.51860288534548
G00265,N0104,N0119,SPATIAL,0.0478349663317204,4.47213595499958,0.0125663289800286,3.03872437357631
G00266,N0104,N0123,SPATIAL,0.0224144272506237,5,0,3.7965072133637
G00267,N0105,N0097,SPATIAL,0.217040091753006,7.28010988928052,0.0439825057983398,1.52391799544419
G00268,N0105,N0113,SPATIAL,0.219290554523468,8.24621125123532,0.0502653121948242,1.5125284738041
G00269,N0106,N0110,SPATIAL,0.467964321374893,1,0,0.75930144267274
G00270,N0106,N0114,SPATIAL,0.219233572483063,2.82842712474619,0.0125663923099637,1.51708428246014
G00271,N0106,N0121,SPATIAL,0.0479213856160641,4,0,3.03720577069096
G00272,N0107,N0111,SPATIAL,0.467964321374893,1,0,0.75930144267274
G00273,N0107,N0115,SPATIAL,0.218963593244553,2,0,1.51860288534548
G00274,N0107,N0118,SPATIAL,0.102441854774952,3,0,2.27790432801822
G00275,N0108,N0112,SPATIAL,0.467964321374893,1,0,0.759301442672744
G00276,N0108,N0119,SPATIAL,0.102257117629051,3.60555127546399,0.0125663289800286,2.27942293090357
G00277,N0108,N0123,SPATIAL,0.0479213856160641,4,0,3.03720577069096
G00278,N0109,N0113,SPATIAL,0.467120438814163,2.23606797749979,0.0125665673986077,0.760820045558084
G00279,N0109,N0120,SPATIAL,0.102512329816818,3.16227766016838,0.00628328276798129,2.27714502657555
G00280,N0109,N0097,SPATIAL,0.10260933637619,4.24264068711928,0.0188493728637695,2.27562642369021
G00281,N0110,N0114,SPATIAL,0.468541353940964,2.23606797749979,0.0125663923099637,0.757782839787396
G00282,N0110,N0121,SPATIAL,0.102441854774952,3,0,2.27790432801822
G00283,N0111,N0115,SPATIAL,0.467964321374893,1,0,0.759301442672744
G00284,N0111,N0118,SPATIAL,0.218963593244553,2,0,1.51860288534548
G00285,N0111,N0122,SPATIAL,0.102441854774952,3,0,2.27790432801822
G00286,N0112,N0119,SPATIAL,0.218568727374077,2.82842712474619,0.0125663289800286,1.52012148823082
G00287,N0112,N0123,SPATIAL,0.102441854774952,3,0,2.27790432801822
G00288,N0113,N0120,SPATIAL,0.219321563839912,3.60555127546399,0.0188498497009277,1.51632498101747
G00289,N0113,N0093,SPATIAL,0.0224144272506237,5,0,3.7965072133637
G00290,N0114,N0121,SPATIAL,0.218568727374077,2.82842712474619,0.0125663923099637,1.52012148823083
G00291,N0115,N0118,SPATIAL,0.467964321374893,1,0,0.75930144267274
G00292,N0115,N0122,SPATIAL,0.218963593244553,2,0,1.51860288534548
G00293,N0116,N0119,SPATIAL,0.468448579311371,9.05538513813742,0.0565485917031765,0.752467729688686
G00294,N0116,N0112,SPATIAL,0.460068851709366,11.0453610171873,0.0691149234771729,0.767653758542139
G00295,N0116,N0108,SPATIAL,0.215269237756729,11.1803398874989,0.0691149234771729,1.52695520121488
G00296,N0116,N0123,SPATIAL,0.218895435333252,11.1803398874989,0.0691149234771729,1.51025056947608
G00297,N0117,N0114,SPATIAL,0.468850404024124,4.12310562561766,0.0251326560974121,0.756264236902052
G00298,N0117,N0130,SPATIAL,0.0479543507099152,4.12310562561766,0.00628328276798129,3.03644646924829
G00299,N0117,N0124,SPATIAL,0.217743769288063,5.3851648071345,0.031415943056345,1.52239939255885
G00300,N0117,N0121,SPATIAL,0.464638084173203,6.08276253029822,0.0376990474760532,0.763857251328776
G00301,N0118,N0122,SPATIAL,0.467964321374893,1,0,0.75930144267274
G00302,N0118,N0125,SPATIAL,0.218963593244553,2,0,1.51860288534548
G00303,N0119,N0123,SPATIAL,0.468541353940964,2.23606797749979,0.0125663289800286,0.757782839787396
G00304,N0120,N0097,SPATIAL,0.010502528399229,7.21110255092798,0.0251326560974121,4.55277145026576
G00305,N0121,N0124,SPATIAL,0.468286275863647,1.4142135623731,0.00628310814499855,0.75854214123007
G00306,N0121,N0127,SPATIAL,0.218963593244553,2,0,1.51860288534548
G00307,N0122,N0125,SPATIAL,0.467964321374893,1,0,0.75930144267274
G00308,N0124,N0127,SPATIAL,0.467575669288635,1.4142135623731,0.00628310814499855,0.760060744115414
G00309,N0124,N0114,SPATIAL,0.102356769144535,3.16227766016838,0.00628328276798129,2.2786636294609
G00310,N0124,N0133,SPATIAL,0.102356769144535,3.16227766016838,0.00628310814499855,2.27866362946089
G00311,N0125,N0115,SPATIAL,0.102441854774952,3,0,2.27790432801822
G00312,N0125,N0111,SPATIAL,0.0479213856160641,4,0,3.03720577069096
G00313,N0126,N0132,SPATIAL,0.219403401017189,5.3851648071345,0.0314157009124756,1.51480637813212
G00314,N0126,N0123,SPATIAL,0.468448549509048,9.05538513813742,0.0565488338470459,0.752467729688689
G00315,N0126,N0112,SPATIAL,0.0479709692299366,9.8488578017961,0.0565488338470459,3.03037205770691
G00316,N0126,N0108,SPATIAL,0.0224376190453768,10.295630140987,0.0565488338470459,3.78967350037965
G00317,N0127,N0133,SPATIAL,0.218963593244553,2,0,1.51860288534548
G00318,N0127,N0114,SPATIAL,0.0478349663317204,4.47213595499958,0.0125663923099637,3.03872437357631
G00319,N0128,N0234,SPATIAL,0.459839552640915,26,1.61194014549255,NaN
G00320,N0128,N0131,SPATIAL,0.419803529977798,34.0147027033899,0.213628426194191,0.785117691723617
G00321,N0128,N0036,SPATIAL,5.42622058397058e-10,37.5366487582469,0.157079696655273,21.2414578587699
G00322,N0128,N0099,SPATIAL,0.00212723948061466,38.8329756778952,0.238761082291603,6.04555808656036
G00323,N0129,N0134,SPATIAL,0.218568727374077,2.82842712474619,0.0125665673986077,1.52012148823083
G00324,N0129,N0231,SPATIAL,0.967755377292633,5,0.352536499500275,NaN
G00325,N0129,N0233,SPATIAL,0.945967435836792,23.0217288664427,0.301624566316605,NaN
G00326,N0130,N0124,SPATIAL,0.219397202134132,6.32455532033676,0.0376992225646973,1.51404707668944
G00327,N0130,N0114,SPATIAL,0.0224594473838806,7.07106781186548,0.031415943056345,3.79271070615034
G00328,N0130,N0127,SPATIAL,0.468810617923737,7.07106781186548,0.0439823307096958,0.75398633257403
G00329,N0131,N0125,SPATIAL,0.219403401017189,5.3851648071345,0.0314158201217651,1.51480637813212
G00330,N0131,N0122,SPATIAL,0.102647617459297,5.8309518948453,0.0314158201217651,2.27410782080486
G00331,N0131,N0118,SPATIAL,0.0480176396667957,6.40312423743285,0.0314158201217651,3.0334092634776
G00332,N0131,N0115,SPATIAL,0.0224594492465258,7.07106781186548,0.0314158201217651,3.79271070615034
G00333,N0132,N0123,SPATIAL,0.102093771100044,14.3178210632764,0.0879645347595215,2.26727410782081
G00334,N0132,N0112,SPATIAL,0.0104470616206527,15.2315462117278,0.0879645347595215,4.54517843583903
G00335,N0132,N0108,SPATIAL,0.00488523207604885,15.6524758424985,0.0879645347595215,5.30447987851177
G00336,N0133,N0121,SPATIAL,0.0479213856160641,4,0,3.03720577069096
G00337,N0133,N0114,SPATIAL,0.0104637769982219,6.32455532033676,0.0125663923099637,4.55732725892179
G00338,N0134,N0231,SPATIAL,0.968209564685822,7.28010988928052,0.33996993303299,NaN
G00339,N0134,N0233,SPATIAL,0.952899575233459,21.0237960416286,0.289058059453964,NaN
G00340,N0136,N0218,SPATIAL,0.941432654857635,18.0277563773199,0.400104761123657,NaN
G00341,N0136,N0176,SPATIAL,0.601499974727631,26.2488094968134,1.31267118453979,NaN
G00342,N0136,N0225,SPATIAL,0.467640578746796,101.400197238467,0.700761079788208,NaN
G00343,N0136,N0159,SPATIAL,0.399247795343399,121.400164744534,0.183392032980919,NaN
G00344,N0137,N0263,SPATIAL,0.937588201048573,32.310988842807,NaN,NaN
G00345,N0137,N0168,SPATIAL,0.710575461387634,64.7765389628066,0.571086883544922,NaN
G00346,N0137,N0235,SPATIAL,0.333618849515915,104.957134107215,1.24818348884583,NaN
G00347,N0137,N0255,SPATIAL,0.471114402825269,110.421918114114,NaN,NaN
G00348,N0138,N0206,SPATIAL,0.96308308839798,20.8086520466848,0.208494186401367,NaN
G00349,N0138,N0156,SPATIAL,0.609687685966492,38.0131556174964,1.23116564750671,NaN
G00350,N0138,N0161,SPATIAL,0.692903637886047,51.2640224719052,0.889400482177734,NaN
G00351,N0138,N0185,SPATIAL,0.303125292062759,54.6717477313466,1.8451327085495,NaN
G00352,N0139,N0187,SPATIAL,0.693751692771912,20,1.13493740558624,NaN
G00353,N0139,N0172,SPATIAL,0.0853400975465775,37,2.52226567268372,NaN
G00354,N0139,N0186,SPATIAL,0.83769029378891,52.1536192416212,0.191744983196259,NaN
G00355,N0140,N0199,SPATIAL,0.74767279624939,42.3792402008342,0.835691869258881,NaN
G00356,N0140,N0224,SPATIAL,0.88659143447876,43.8406204335659,0.0831522867083549,NaN
G00357,N0140,N0188,SPATIAL,0.770184338092804,63.1268564083465,0.245760291814804,NaN
G00358,N0140,N0208,SPATIAL,0.673028588294983,78.5175139698144,0.247970342636108,NaN
G00359,N0141,N0224,SPATIAL,0.894518613815308,41.0487515035476,0.172602772712708,NaN
G00360,N0141,N0182,SPATIAL,0.456224679946899,42.4499705535822,1.55098962783813,NaN
G00361,N0141,N0199,SPATIAL,0.729621827602386,52.8866712887094,0.746241450309753,NaN
G00362,N0141,N0198,SPATIAL,0.625442802906036,54.6717477313466,1.0421724319458,NaN
G00363,N0142,N0192,SPATIAL,0.0734785497188568,13.9283882771841,2.58920192718506,NaN
G00364,N0142,N0178,SPATIAL,0.745602130889893,15,1.03321504592896,NaN
G00365,N0142,N0165,SPATIAL,0.709831714630127,33.2415402771893,1.02408885955811,NaN
G00366,N0143,N0154,SPATIAL,0.55688738822937,27.5862284482674,1.40266227722168,NaN
G00367,N0143,N0167,SPATIAL,0.722135663032532,41.1096095821889,0.923441410064697,NaN
G00368,N0143,N0025,SPATIAL,0.409074187278748,75.538069872085,1.40646708011627,NaN
G00369,N0143,N0028,SPATIAL,0.406959116458893,76.6550715869472,1.40018391609192,NaN
G00370,N0144,N0148,SPATIAL,0.143622398376465,21.540659228538,2.35238647460938,NaN
G00371,N0144,N0165,SPATIAL,0.963190793991089,24.5967477524977,0.0251448173075914,NaN
G00372,N0144,N0160,SPATIAL,0.952175080776215,28.1602556806574,0.0149325123056769,NaN
G00373,N0144,N0192,SPATIAL,0.439580172300339,42.0475920832573,1.5902578830719,NaN
G00374,N0145,N0213,SPATIAL,0.976992964744568,18.0277563773199,0.113355755805969,NaN
G00375,N0145,N0159,SPATIAL,0.956567585468292,26.5706605111728,0.0573939085006714,NaN
G00376,N0145,N0190,SPATIAL,0.265661805868149,58.7281874401041,1.92049336433411,NaN
G00377,N0145,N0149,SPATIAL,0.628945052623749,85.5628424025289,0.217022299766541,NaN
G00378,N0146,N0149,SPATIAL,0.591747522354126,20.0997512422418,1.35576248168945,NaN
G00379,N0146,N0196,SPATIAL,0.448685109615326,23.3238075793812,1.64284288883209,NaN
G00380,N0146,N0158,SPATIAL,0.547799944877625,29.4108823397055,1.414470911026,NaN
G00381,N0146,N0170,SPATIAL,0.742606282234192,39.0512483795333,0.886902153491974,NaN
G00382,N0147,N0214,SPATIAL,0.186679482460022,18.0277563773199,2.23836088180542,NaN
G00383,N0147,N0193,SPATIAL,0.20930752158165,20,2.17842245101929,NaN
G00384,N0147,N0175,SPATIAL,0.486590325832367,30,1.54201602935791,NaN
G00385,N0147,N0223,SPATIAL,0.829174518585205,33.0605505096331,0.685508549213409,NaN
G00386,N0148,N0165,SPATIAL,0.147614628076553,31.3209195267317,2.32724165916443,NaN
G00387,N0148,N0192,SPATIAL,0.810101985931396,31.6227766016838,0.762128710746765,NaN
G00388,N0148,N0160,SPATIAL,0.142684325575829,33.8378486313773,2.33745408058167,NaN
G00389,N0149,N0190,SPATIAL,0.221363201737404,27.0185121722126,2.13751578330994,NaN
G00390,N0149,N0196,SPATIAL,0.892470955848694,38.8329756778952,0.287080407142639,NaN
G00391,N0149,N0170,SPATIAL,0.170042961835861,41.146081222882,2.24266481399536,NaN
G00392,N0150,N0243,SPATIAL,0.808435548122283,58.6941223633168,NaN,NaN
G00393,N0150,N0265,SPATIAL,0.771384828233513,64.8459713474939,NaN,NaN
G00394,N0151,N0185,SPATIAL,0.742973148822784,29.8328677803526,0.964453935623169,NaN
G00395,N0151,N0030,SPATIAL,0.361659735441208,57.0087712549569,1.68704807758331,NaN
G00396,N0151,N0027,SPATIAL,0.358620136976242,57.2013985843004,1.69333136081696,NaN
G00397,N0151,N0044,SPATIAL,0.364908218383789,58.6941223633168,1.66819870471954,NaN
G00398,N0152,N0177,SPATIAL,0.600608289241791,19.7989898732233,1.33806347846985,NaN
G00399,N0152,N0226,SPATIAL,0.627656877040863,39.6988664825584,1.17713379859924,NaN
G00400,N0152,N0120,SPATIAL,0.280091196298599,42.3792402008342,1.95426559448242,NaN
G00401,N0152,N0265,SPATIAL,0.886865690231775,44.1021541423999,NaN,NaN
G00402,N0153,N0164,SPATIAL,0.774083256721497,13.6014705087354,0.969214200973511,NaN
G00403,N0153,N0182,SPATIAL,0.970526874065399,19.6977156035922,0.154397964477539,NaN
G00404,N0153,N0198,SPATIAL,0.93686980009079,23.3452350598575,0.354419231414795,NaN
G00405,N0153,N0128,SPATIAL,0.60849803686142,50.2095608425328,1.1352424621582,NaN
G00406,N0154,N0025,SPATIAL,0.782315313816071,63.0634601017102,0.00380480289459229,NaN
G00407,N0154,N0028,SPATIAL,0.774054765701294,64.4127316607517,0.00247836112976074,NaN
G00408,N0154,N0167,SPATIAL,0.727938294410706,64.8459713474939,0.479220867156982,NaN
G00409,N0155,N0211,SPATIAL,0.984504520893097,14.2126704035519,0.112179279327393,NaN
G00410,N0155,N0216,SPATIAL,0.0608063153922558,15.8113883008419,2.63933110237122,NaN
G00411,N0155,N0166,SPATIAL,0.860456228256226,41.2310562561766,0.424322962760925,NaN
G00412,N0155,N0245,SPATIAL,0.839975364081406,53.1507290636732,NaN,NaN
G00413,N0156,N0200,SPATIAL,0.389820367097855,23.1948270094864,1.76606774330139,NaN
G00414,N0156,N0262,SPATIAL,0.932911960387147,33.5410196624968,NaN,NaN
G00415,N0156,N0173,SPATIAL,0.282808363437653,33.8378486313773,1.97464394569397,NaN
G00416,N0156,N0161,SPATIAL,0.889531672000885,37.6961536499415,0.341765165328979,NaN
G00417,N0157,N0181,SPATIAL,0.817108333110809,38.4707681233427,0.659093379974365,NaN
G00418,N0157,N0268,SPATIAL,0.767253309829538,65.5133574166368,NaN,NaN
G00419,N0157,N0265,SPATIAL,0.719145657718922,73.0821455623739,NaN,NaN
G00420,N0157,N0152,SPATIAL,0.661701500415802,74.027022093287,0.543118834495544,NaN
G00421,N0158,N0189,SPATIAL,0.478315323591232,20.6155281280883,1.58873772621155,NaN
G00422,N0158,N0170,SPATIAL,0.898905634880066,24.2074368738204,0.527568578720093,NaN
G00423,N0159,N0213,SPATIAL,0.97118353843689,21.4709105535839,0.0559618473052979,NaN
G00424,N0159,N0190,SPATIAL,0.297051608562469,54.1202365109392,1.86309933662415,NaN
G00425,N0159,N0149,SPATIAL,0.675181090831757,77.8267306264371,0.274416208267212,NaN
G00426,N0160,N0165,SPATIAL,0.843226253986359,52.5547333738836,0.0102123022079468,NaN
G00427,N0160,N0192,SPATIAL,0.385465443134308,64.3506021727847,1.5753253698349,NaN
G00428,N0161,N0173,SPATIAL,0.443634837865829,30,1.63287878036499,NaN
G00429,N0161,N0200,SPATIAL,0.228102162480354,33.2415402771893,2.10783314704895,NaN
G00430,N0161,N0262,SPATIAL,0.881571311322731,45.18849411078,NaN,NaN
G00431,N0162,N0202,SPATIAL,0.836593508720398,25.2388589282479,0.737296164035797,NaN
G00432,N0162,N0180,SPATIAL,0.86820375919342,31.04834939252,0.568200588226318,NaN
G00433,N0162,N0191,SPATIAL,0.668617248535156,53.7121960079831,0.929918110370636,NaN
G00434,N0162,N0183,SPATIAL,0.772299468517303,54.4058820349418,0.546689748764038,NaN
G00435,N0163,N0174,SPATIAL,0.918710887432098,35.8468966578698,0.147754549980164,NaN
G00436,N0163,N0195,SPATIAL,0.16052120923996,47.4130783645188,2.25385570526123,NaN
G00437,N0163,N0260,SPATIAL,0.806441873306251,59.0338885725818,NaN,NaN
G00438,N0164,N0182,SPATIAL,0.694060742855072,22.561028345357,1.12361216545105,NaN
G00439,N0164,N0198,SPATIAL,0.839326202869415,35.8050275799363,0.614794969558716,NaN
G00440,N0164,N0128,SPATIAL,0.904850363731384,38.8329756778952,0.166028276085854,NaN
G00441,N0165,N0192,SPATIAL,0.480240762233734,27.2946881279124,1.56511306762695,NaN
G00442,N0166,N0211,SPATIAL,0.931460797786713,27.459060435492,0.312143683433533,NaN
G00443,N0166,N0216,SPATIAL,0.18488509953022,35.3553390593274,2.21500825881958,NaN
G00444,N0166,N0245,SPATIAL,0.748864266986124,68.4470598345904,NaN,NaN
G00445,N0167,N0235,SPATIAL,0.644128143787384,83.4865258589672,0.195910930633545,NaN
G00446,N0167,N0025,SPATIAL,0.607945561408997,84.308955633432,0.483025699853897,NaN
G00447,N0168,N0263,SPATIAL,0.930898585580526,34.0587727318528,NaN,NaN
G00448,N0168,N0235,SPATIAL,0.662694215774536,69.0796641566822,0.677096605300903,NaN
G00449,N0168,N0160,SPATIAL,0.349438428878784,130.510535973154,0.00570356845855713,NaN
G00450,N0169,N0212,SPATIAL,0.899964690208435,15.2970585407784,0.598614692687988,NaN
G00451,N0169,N0194,SPATIAL,0.952303230762482,24.5967477524977,0.214513540267944,NaN
G00452,N0169,N0230,SPATIAL,0.763597548007965,30.4138126514911,0.905955672264099,NaN
G00453,N0169,N0197,SPATIAL,0.904201209545135,39.6988664825584,0.116917379200459,NaN
G00454,N0170,N0189,SPATIAL,0.658622860908508,44.4184646290256,1.06116950511932,NaN
G00455,N0171,N0244,SPATIAL,0.986207116743916,15,NaN,NaN
G00456,N0171,N0230,SPATIAL,0.309588968753815,17.2046505340853,1.94916462898254,NaN
G00457,N0171,N0194,SPATIAL,0.640883982181549,18.1107702762748,1.25772261619568,NaN
G00458,N0171,N0197,SPATIAL,0.683012545108795,19.723082923316,1.16012644767761,NaN
G00459,N0172,N0203,SPATIAL,0.423446834087372,25.298221281347,1.69005799293518,NaN
G00460,N0172,N0215,SPATIAL,0.864511430263519,32.2490309931942,0.566727876663208,NaN
G00461,N0172,N0186,SPATIAL,0.140298888087273,41,2.33052062988281,NaN
G00462,N0173,N0200,SPATIAL,0.0863076895475388,12.0415945787923,2.54247355461121,NaN
G00463,N0173,N0262,SPATIAL,0.982258040707509,17.0293863659264,NaN,NaN
G00464,N0174,N0219,SPATIAL,0.537550985813141,42,1.37068331241608,NaN
G00465,N0174,N0260,SPATIAL,0.831668805558322,54.644304369257,NaN,NaN
G00466,N0175,N0183,SPATIAL,0.549561381340027,14.560219778561,1.45694971084595,NaN
G00467,N0175,N0223,SPATIAL,0.189038589596748,21.9317121994613,2.22752451896667,NaN
G00468,N0176,N0218,SPATIAL,0.729891657829285,40.0499687890016,0.912566483020782,NaN
G00469,N0176,N0225,SPATIAL,0.524768650531769,94.3663075467086,0.611910104751587,NaN
G00470,N0176,N0159,SPATIAL,0.300609856843948,97,1.49606323242188,NaN
G00471,N0177,N0226,SPATIAL,0.969307959079742,20,0.160929441452026,NaN
G00472,N0177,N0265,SPATIAL,0.961916952030252,25.0798724079689,NaN,NaN
G00473,N0177,N0120,SPATIAL,0.758458495140076,54,0.616202056407928,NaN
G00474,N0178,N0192,SPATIAL,0.48989200592041,23.8537208837531,1.5559868812561,NaN
G00475,N0178,N0165,SPATIAL,0.868160307407379,47.8539444560216,0.00912618637084961,NaN
G00476,N0178,N0148,SPATIAL,0.13337504863739,54.4518135602479,2.31811547279358,NaN
G00477,N0179,N0197,SPATIAL,0.827056348323822,16.0312195418814,0.822265446186066,NaN
G00478,N0179,N0228,SPATIAL,0.928984820842743,19.2093727122985,0.44924384355545,NaN
G00479,N0179,N0194,SPATIAL,0.821511387825012,31.7804971641414,0.724669337272644,NaN
G00480,N0179,N0220,SPATIAL,0.784204363822937,31.7804971641414,0.837523758411407,NaN
G00481,N0180,N0191,SPATIAL,0.516392350196838,24.7588368062799,1.4981187582016,NaN
G00482,N0180,N0221,SPATIAL,0.74207204580307,30.0665927567458,0.96512109041214,NaN
G00483,N0180,N0223,SPATIAL,0.7825927734375,36.8917334913934,0.792085945606232,NaN
G00484,N0181,N0265,SPATIAL,0.897439225221447,41.8688428309166,NaN,NaN
G00485,N0181,N0226,SPATIAL,0.866863906383514,48.0832611206852,0.0250780582427979,NaN
G00486,N0181,N0177,SPATIAL,0.827939629554749,54.6260011349907,0.135851383209229,NaN
G00487,N0182,N0198,SPATIAL,0.903886497020721,24.0208242989286,0.508817195892334,NaN
G00488,N0183,N0214,SPATIAL,0.149659976363182,30.0166620396073,2.32342672348022,NaN
G00489,N0183,N0223,SPATIAL,0.791313111782074,36.4005494464026,0.770574867725372,NaN
G00490,N0183,N0147,SPATIAL,0.914195477962494,37.7359245282264,0.0850663185119629,NaN
G00491,N0184,N0131,SPATIAL,0.792220413684845,61.400325732035,0.0282521229237318,NaN
G00492,N0184,N0125,SPATIAL,0.775087714195251,64.1326749792959,0.0596679486334324,NaN
G00493,N0184,N0122,SPATIAL,0.769035160541534,65.1152823843988,0.0596679486334324,NaN
G00494,N0184,N0118,SPATIAL,0.762935698032379,66.098411478643,0.0596679486334324,NaN
G00495,N0185,N0206,SPATIAL,0.392136871814728,53.2353266168247,1.63663840293884,NaN
G00496,N0186,N0214,SPATIAL,0.649949371814728,25.0798724079689,1.21177005767822,NaN
G00497,N0186,N0203,SPATIAL,0.154867887496948,50.2891638427206,2.26260685920715,NaN
G00498,N0187,N0215,SPATIAL,0.26170739531517,15,2.05925440788269,NaN
G00499,N0187,N0172,SPATIAL,0.0566619820892811,47.169905660283,2.6259822845459,NaN
G00500,N0187,N0203,SPATIAL,0.582956910133362,71.1125867902441,0.935924530029297,NaN
G00501,N0188,N0208,SPATIAL,0.984685182571411,15.8113883008419,0.00221002101898193,NaN
G00502,N0188,N0199,SPATIAL,0.707031548023224,25.0798724079689,1.08145225048065,NaN
G00503,N0188,N0224,SPATIAL,0.891519904136658,41.8688428309166,0.162608042359352,NaN
G00504,N0188,N0141,SPATIAL,0.768806874752045,61.660360037872,0.335210829973221,NaN
G00505,N0189,N0146,SPATIAL,0.901762247085571,39.3954312071844,0.174267053604126,NaN
G00506,N0189,N0196,SPATIAL,0.490888923406601,43.2666153055679,1.46857583522797,NaN
G00507,N0190,N0213,SPATIAL,0.344481438398361,41.4004830889689,1.80713772773743,NaN
G00508,N0190,N0146,SPATIAL,0.759955286979675,43.6577599058861,0.781753361225128,NaN
G00509,N0190,N0196,SPATIAL,0.103350780904293,53.2353266168247,2.42459607124329,NaN
G00510,N0191,N0223,SPATIAL,0.87084949016571,13.3416640641263,0.706032991409302,NaN
G00511,N0191,N0221,SPATIAL,0.906546354293823,20.6155281280883,0.532997608184814,NaN
G00512,N0191,N0227,SPATIAL,0.0762953162193298,23.3452350598575,2.57212591171265,NaN
G00513,N0193,N0223,SPATIAL,0.526115834712982,19.723082923316,1.49291360378265,NaN
G00514,N0193,N0220,SPATIAL,0.126059144735336,26.8328157299975,2.39856505393982,NaN
G00515,N0194,N0212,SPATIAL,0.949105024337769,15.6524758424985,0.384101152420044,NaN
G00516,N0194,N0197,SPATIAL,0.979981362819672,17,0.0975961685180664,NaN
G00517,N0194,N0230,SPATIAL,0.867850363254547,17.8885438199983,0.691442310810089,NaN
G00518,N0195,N0254,SPATIAL,0.854144990938637,50.5371150739731,NaN,NaN
G00519,N0195,N0229,SPATIAL,0.674984097480774,68.425141578224,0.639568090438843,NaN
G00520,N0195,N0174,SPATIAL,0.0893939509987831,78.4920378127616,2.40161037445068,NaN
G00521,N0196,N0225,SPATIAL,0.536601662635803,27.5862284482674,1.44564974308014,NaN
G00522,N0197,N0228,SPATIAL,0.953061103820801,14.560219778561,0.373021602630615,NaN
G00523,N0199,N0224,SPATIAL,0.785229027271271,19.2353840616713,0.918844223022461,NaN
G00524,N0199,N0208,SPATIAL,0.670413672924042,38.3275357934736,1.08366227149963,NaN
G00525,N0200,N0262,SPATIAL,0.988889344857703,13.4536240470737,NaN,NaN
G00526,N0201,N0198,SPATIAL,0.134651511907578,72.6223106214612,2.24858140945435,NaN
G00527,N0201,N0248,SPATIAL,0.720211848269094,72.9177618965366,NaN,NaN
G00528,N0201,N0252,SPATIAL,0.615089400962962,88.7299273075325,NaN,NaN
G00529,N0202,N0183,SPATIAL,0.883403658866882,43.139309220246,0.190606340765953,NaN
G00530,N0202,N0180,SPATIAL,0.871887266635895,45.8802789878178,0.169095516204834,NaN
G00531,N0202,N0175,SPATIAL,0.551306128501892,51.6236379965612,1.26634335517883,NaN
G00532,N0203,N0147,SPATIAL,0.641999483108521,33.1209903233584,1.18752360343933,NaN
G00533,N0203,N0193,SPATIAL,0.713714301586151,36.2353418639869,0.990898489952087,NaN
G00534,N0203,N0220,SPATIAL,0.514178395271301,44.5533388198909,1.40766656398773,NaN
G00535,N0204,N0205,SPATIAL,0.851439297199249,41.8688428309166,0.456759929656982,NaN
G00536,N0204,N0222,SPATIAL,0.298932909965515,47.0425339453563,1.89085412025452,NaN
G00537,N0204,N0269,SPATIAL,0.804204865385362,59.4138031100518,NaN,NaN
G00538,N0204,N0217,SPATIAL,0.708141922950745,69.3181073024935,0.438702374696732,NaN
G00539,N0205,N0222,SPATIAL,0.51610791683197,39.446165846632,1.43409383296967,NaN
G00540,N0205,N0189,SPATIAL,0.738300025463104,66.7083203206317,0.338091850280762,NaN
G00541,N0205,N0225,SPATIAL,0.715958297252655,70.774289116882,0.315165758132935,NaN
G00542,N0206,N0156,SPATIAL,0.614964544773102,58.6685605754905,1.02267146110535,NaN
G00543,N0206,N0207,SPATIAL,0.0909461751580238,63.9061812346818,2.4433217048645,NaN
G00544,N0207,N0238,SPATIAL,0.831309497356415,54.7083174663597,0.00025630000163801,NaN
G00545,N0207,N0236,SPATIAL,0.65266752243042,65.1920240520265,0.799724817276001,NaN
G00546,N0207,N0034,SPATIAL,0.612343966960907,74.8465096046569,0.751544654369354,NaN
G00547,N0208,N0224,SPATIAL,0.841109454631805,51.8941229813165,0.164818048477173,NaN
G00548,N0208,N0141,SPATIAL,0.772799909114838,60.9261848469113,0.33742082118988,NaN
G00549,N0209,N0262,SPATIAL,0.914664881184446,38.0131556174964,NaN,NaN
G00550,N0209,N0173,SPATIAL,0.366441905498505,42.154477816716,1.75396931171417,NaN
G00551,N0209,N0200,SPATIAL,0.736526966094971,48.6621002423858,0.788504242897034,NaN
G00552,N0210,N0233,SPATIAL,0.727786660194397,31.8276609256791,0.989033460617065,NaN
G00553,N0210,N0231,SPATIAL,0.687280178070068,48.7031826475437,0.938121795654297,NaN
G00554,N0210,N0134,SPATIAL,0.553332805633545,49.6487663492256,1.27809166908264,NaN
G00555,N0210,N0129,SPATIAL,0.545052111148834,50.5667875190821,1.29065835475922,NaN
G00556,N0211,N0216,SPATIAL,0.0898183435201645,17.0880074906351,2.5271520614624,NaN
G00557,N0211,N0245,SPATIAL,0.842467870753951,52.6972485050216,NaN,NaN
G00558,N0212,N0230,SPATIAL,0.962863206863403,15.1327459504216,0.307340890169144,NaN
G00559,N0212,N0171,SPATIAL,0.442981123924255,27.7308492477241,1.64182376861572,NaN
G00560,N0213,N0149,SPATIAL,0.731724858283997,67.9411510058521,0.33037805557251,NaN
G00561,N0214,N0175,SPATIAL,0.0932556986808777,30.0166620396073,2.5028088092804,NaN
G00562,N0215,N0203,SPATIAL,0.589685261249542,56.1426753904728,1.12332999706268,NaN
G00563,N0216,N0245,SPATIAL,0.75629710221626,67.2681202353686,NaN,NaN
G00564,N0217,N0269,SPATIAL,0.971944290831608,21.4709105535839,NaN,NaN
G00565,N0217,N0222,SPATIAL,0.146054953336716,32.649655434629,2.32955622673035,NaN
G00566,N0217,N0266,SPATIAL,0.831309520123179,54.7083174663597,NaN,NaN
G00567,N0217,N0271,SPATIAL,0.751642980935507,68.0073525436772,NaN,NaN
G00568,N0218,N0225,SPATIAL,0.565857708454132,94.1116358374457,0.300656288862228,NaN
G00569,N0218,N0204,SPATIAL,0.403545916080475,117.44360348695,0.471269339323044,NaN
G00570,N0219,N0260,SPATIAL,0.941880807987902,31.1448230047949,NaN,NaN
G00571,N0219,N0229,SPATIAL,0.399296462535858,44.1021541423999,1.67049479484558,NaN
G00572,N0219,N0163,SPATIAL,0.516534507274628,65,1.22292876243591,NaN
G00573,N0220,N0228,SPATIAL,0.951143801212311,14.0356688476182,0.388280153274536,NaN
G00574,N0220,N0227,SPATIAL,0.767774343490601,19.7989898732233,0.96044135093689,NaN
G00575,N0220,N0244,SPATIAL,0.975069124494183,20.2237484161567,NaN,NaN
G00576,N0221,N0227,SPATIAL,0.26596412062645,22.3606797749979,2.03912806510925,NaN
G00577,N0221,N0244,SPATIAL,0.944500780732026,30.4138126514911,NaN,NaN
G00578,N0222,N0269,SPATIAL,0.909485209662171,39.2045915678253,NaN,NaN
G00579,N0223,N0227,SPATIAL,0.344117671251297,21.9317121994613,1.86609292030334,NaN
G00580,N0225,N0146,SPATIAL,0.84633857011795,50.4479930225178,0.197193160653114,NaN
G00581,N0225,N0189,SPATIAL,0.828741133213043,55.145262715849,0.0229260921478271,NaN
G00582,N0225,N0158,SPATIAL,0.370185703039169,64.7610994347687,1.61166405677795,NaN
G00583,N0226,N0265,SPATIAL,0.996733740929719,7.28010988928052,NaN,NaN
G00584,N0227,N0244,SPATIAL,0.980138169083244,18.0277563773199,NaN,NaN
G00585,N0228,N0171,SPATIAL,0.504388332366943,21.3775583264319,1.53314805030823,NaN
G00586,N0229,N0260,SPATIAL,0.903219096279385,40.6078810084939,NaN,NaN
G00587,N0230,N0244,SPATIAL,0.950583747214137,28.6530975637888,NaN,NaN
G00588,N0231,N0233,SPATIAL,0.965098917484283,23.7697286480094,0.0509116686880589,NaN
G00589,N0232,N0132,SPATIAL,0.932323932647705,21.4009345590327,0.407494366168976,NaN
G00590,N0232,N0100,SPATIAL,0.877695202827454,25.5538646783613,0.595990002155304,NaN
G00591,N0232,N0092,SPATIAL,0.878661513328552,26.4007575648882,0.583423912525177,NaN
G00592,N0232,N0096,SPATIAL,0.875260531902313,26.4196896272458,0.595990002155304,NaN
G00593,N0234,N0079,SPATIAL,0.588581621646881,13.3416640641263,1.37946224212646,NaN
G00594,N0234,N0099,SPATIAL,0.590827405452728,14.142135623731,1.37317907810211,NaN
G00595,N0234,N0071,SPATIAL,0.590062022209167,14.8660687473185,1.37317907810211,NaN
G00596,N0234,N0131,SPATIAL,0.577877879142761,14.8660687473185,1.39831173419952,NaN
G00597,N0235,N0263,SPATIAL,0.611946076215297,89.196412483911,NaN,NaN
G00598,N0235,N0143,SPATIAL,0.474157869815826,99.4786409235671,0.727530479431152,NaN
G00599,N0236,N0238,SPATIAL,0.831279695034027,18.2482875908947,0.799468517303467,NaN
G00600,N0236,N0271,SPATIAL,0.955053752905005,27.2946881279124,NaN,NaN
G00601,N0236,N0269,SPATIAL,0.773673802307859,64.4748012792595,NaN,NaN
G00602,N0237,N0018,SPATIAL,0.589376628398895,90.2441133814278,0.321630954742432,NaN
G00603,N0237,N0239,SPATIAL,0.558135509490967,97.1236325515062,0.0589699745178223,NaN
G00604,N0237,N0001,SPATIAL,0.468128547947632,110.887330205033,NaN,NaN
G00605,N0237,N0014,SPATIAL,0.422392994165421,110.887330205033,0.635790348052979,NaN
G00606,N0238,N0271,SPATIAL,0.918115482112397,37.2021504754766,NaN,NaN
G00607,N0238,N0269,SPATIAL,0.658427255065934,82.2800097228968,NaN,NaN
G00608,N0239,N0231,SPATIAL,0.798484742641449,43.139309220246,0.657738983631134,NaN
G00609,N0239,N0129,SPATIAL,0.853052973747253,46.8614980554399,0.305202722549438,NaN
G00610,N0239,N0018,SPATIAL,0.835102796554565,48.2597140480546,0.380600929260254,NaN
G00611,N0239,N0134,SPATIAL,0.837196111679077,49.6789693934969,0.317769318819046,NaN
G00612,N0240,N0221,SPATIAL,0.842150628566742,52.2015325445527,0.119738586246967,NaN
G00613,N0240,N0230,SPATIAL,0.757360875606537,62.2012861603359,0.394128322601318,NaN
G00614,N0240,N0244,SPATIAL,0.769720055087362,65.1152823843988,NaN,NaN
G00615,N0240,N0180,SPATIAL,0.561510443687439,65.7951365983839,1.08485972881317,NaN
G00616,N0241,N0256,SPATIAL,0.912183976852972,38.5875627631495,NaN,NaN
G00617,N0241,N0247,SPATIAL,0.389448091800213,123.600161812192,NaN,NaN
G00618,N0241,N0140,SPATIAL,0.380959682983705,125.035994817492,NaN,NaN
G00619,N0241,N0137,SPATIAL,0.291499773740375,141.315250415516,NaN,NaN
G00620,N0242,N0254,SPATIAL,0.838110824639017,53.4883164812653,NaN,NaN
G00621,N0242,N0261,SPATIAL,0.708395244281448,74.7328575661335,NaN,NaN
G00622,N0242,N0163,SPATIAL,0.596984459133307,91.4166286842826,NaN,NaN
G00623,N0242,N0260,SPATIAL,0.590716097729142,92.3471710449216,NaN,NaN
G00624,N0243,N0264,SPATIAL,0.546108135978051,98.9949493661167,NaN,NaN
G00625,N0243,N0265,SPATIAL,0.490129116389225,107.480230740355,NaN,NaN
G00626,N0243,N0226,SPATIAL,0.466138907300822,111.198021565134,NaN,NaN
G00627,N0244,N0228,SPATIAL,0.965903488617064,23.7065391822594,NaN,NaN
G00628,N0246,N0259,SPATIAL,0.201697212464951,161.046577113579,NaN,NaN
G00629,N0247,N0255,SPATIAL,0.436534054794504,115.879247494968,NaN,NaN
G00630,N0247,N0256,SPATIAL,0.284917516738259,142.618371888057,NaN,NaN
G00631,N0248,N0252,SPATIAL,0.5433508690745,99.4082491546854,NaN,NaN
G00632,N0248,N0141,SPATIAL,0.311749419792151,137.411789887185,NaN,NaN
G00633,N0248,N0198,SPATIAL,0.275151864618332,144.585614775468,NaN,NaN
G00634,N0249,N0243,SPATIAL,0.372449313713907,126.491106406735,NaN,NaN
G00635,N0250,N0251,SPATIAL,0.31673451185995,136.473440639562,NaN,NaN
G00636,N0250,N0258,SPATIAL,0.191316307497687,163.682619724881,NaN,NaN
G00637,N0251,N0145,SPATIAL,0.571597053565129,95.1892851112981,NaN,NaN
G00638,N0251,N0213,SPATIAL,0.462099377304007,111.830228471554,NaN,NaN
G00639,N0251,N0159,SPATIAL,0.416296294983891,119.151164492841,NaN,NaN
G00640,N0252,N0224,SPATIAL,0.756670674499216,67.2086303981862,NaN,NaN
G00641,N0252,N0141,SPATIAL,0.719722981524675,72.9931503635786,NaN,NaN
G00642,N0252,N0140,SPATIAL,0.679778917960837,79.0759128938769,NaN,NaN
G00643,N0252,N0199,SPATIAL,0.635937926029598,85.6329375882902,NaN,NaN
G00644,N0253,N0215,SPATIAL,0.71177032276261,74.2159012611179,NaN,NaN
G00645,N0253,N0179,SPATIAL,0.699703387814393,76.0591874792257,NaN,NaN
G00646,N0253,N0172,SPATIAL,0.691673002138806,77.2787163454466,NaN,NaN
G00647,N0253,N0203,SPATIAL,0.68758631981074,77.8973683766018,NaN,NaN
G00648,N0254,N0163,SPATIAL,0.741275657049209,69.6419413859206,NaN,NaN
G00649,N0254,N0229,SPATIAL,0.640389296132556,84.970583144992,NaN,NaN
G00650,N0255,N0263,SPATIAL,0.35395685673214,129.711217710728,NaN,NaN
G00651,N0255,N0241,SPATIAL,0.272918995689362,145.041373407728,NaN,NaN
G00652,N0256,N0140,SPATIAL,0.582568419555675,93.5574689696125,NaN,NaN
G00653,N0256,N0199,SPATIAL,0.408960868944362,120.353645561736,NaN,NaN
G00654,N0256,N0188,SPATIAL,0.381383206767772,124.963994814506,NaN,NaN
G00655,N0257,N0258,SPATIAL,0.730374742355399,71.3442359269479,NaN,NaN
G00656,N0257,N0165,SPATIAL,0.392028886017496,123.166553901617,NaN,NaN
G00657,N0257,N0144,SPATIAL,0.341087142684846,132.003787824441,NaN,NaN
G00658,N0257,N0142,SPATIAL,0.280294741779545,143.544418212622,NaN,NaN
G00659,N0258,N0165,SPATIAL,0.59173797136162,92.1954445729289,NaN,NaN
G00660,N0258,N0142,SPATIAL,0.564444295148296,96.2548700066651,NaN,NaN
G00661,N0258,N0192,SPATIAL,0.505710896657507,105.09519494249,NaN,NaN
G00662,N0259,N0170,SPATIAL,0.592907991685427,92.0217365626187,NaN,NaN
G00663,N0259,N0158,SPATIAL,0.480008907824854,109.041276588272,NaN,NaN
G00664,N0259,N0189,SPATIAL,0.400467182645898,121.757956618859,NaN,NaN
G00665,N0259,N0149,SPATIAL,0.352387205843536,129.988461026354,NaN,NaN
G00666,N0261,N0157,SPATIAL,0.558896975939835,97.082439194738,NaN,NaN
G00667,N0261,N0181,SPATIAL,0.49827410672414,106.230880632705,NaN,NaN
G00668,N0261,N0260,SPATIAL,0.452641742867072,113.318136235997,NaN,NaN
G00669,N0264,N0226,SPATIAL,0.789692925399597,61.8465843842649,NaN,NaN
G00670,N0264,N0265,SPATIAL,0.765550195524459,65.7875368135941,NaN,NaN
G00671,N0264,N0177,SPATIAL,0.726104214442486,72.0069441095788,NaN,NaN
G00672,N0264,N0101,SPATIAL,0.645907634913574,84.1486779456457,NaN,NaN
G00673,N0266,N0222,SPATIAL,0.788718597422842,62.00806399171,NaN,NaN
G00674,N0266,N0269,SPATIAL,0.699055814156043,76.1577310586391,NaN,NaN
G00675,N0266,N0161,SPATIAL,0.657777277571788,82.3771813064759,NaN,NaN
G00676,N0267,N0219,SPATIAL,0.485671785247712,108.16653826392,NaN,NaN
G00677,N0267,N0169,SPATIAL,0.462127902837335,111.825757319144,NaN,NaN
G00678,N0267,N0260,SPATIAL,0.413913292527238,119.540788018149,NaN,NaN
G00679,N0267,N0212,SPATIAL,0.397021266349458,122.331516789419,NaN,NaN
G00680,N0268,N0181,SPATIAL,0.513290365022859,103.94229168149,NaN,NaN
G00681,N0268,N0270,SPATIAL,0.498643335389521,106.174384858119,NaN,NaN
G00682,N0268,N0116,SPATIAL,0.4730960762297,110.113577727726,NaN,NaN
G00683,N0269,N0271,SPATIAL,0.829617835438598,55.0090901579003,NaN,NaN
G00684,N0270,N0054,SPATIAL,0.77788791017692,63.7887137352682,NaN,NaN
G00685,N0270,N0063,SPATIAL,0.730374742355399,71.3442359269479,NaN,NaN
G00686,N0271,N0272,SPATIAL,0.800687976207591,60.00833275471,NaN,NaN
G00687,N0272,N0269,SPATIAL,0.776544573796793,64.007812023221,NaN,NaN
G00688,N0272,N0204,SPATIAL,0.718613154479494,73.1641988953614,NaN,NaN
G00689,N0272,N0217,SPATIAL,0.636998706310998,85.4751425854324,NaN,NaN
G00690,N0013,N0014,TEMPORAL,0.000273842393653467,486.001028805495,3.05362796783447,0.390280941533789
G00691,N0014,N0015,TEMPORAL,0.000400811870349571,484,3.04106163978577,0.367501898253607
G00692,N0015,N0016,TEMPORAL,0.00035489400033839,484.001033056749,3.04106163978577,0.391799544419134
G00693,N0016,N0017,TEMPORAL,0.00288080470636487,459,2.88398194313049,0.348519362186788
G00694,N0017,N0018,TEMPORAL,0.000123561563668773,509.000982317323,3.08504390716553,0.372817008352316
G00695,N0018,N0019,TEMPORAL,0.241297483444214,227,1.42628312110901,0.172361427486712
G00696,N0019,N0020,TEMPORAL,0.178050816059113,258,1.6210618019104,0.195899772209567
G00697,N0020,N0021,TEMPORAL,0.00796529836952686,412.001213590446,2.58867239952087,0.446469248291572
G00698,N0021,N0022,TEMPORAL,0.00231307535432279,463,2.90911483764648,0.351556567957479
G00699,N0022,N0023,TEMPORAL,0.00165939994622022,464.001077584956,2.91539788246155,0.406985573272589
G00700,N0023,N0024,TEMPORAL,0.00303372927010059,458,2.87769889831543,0.347760060744116
G00701,N0024,N0025,TEMPORAL,0.191317141056061,749.000667556445,1.57707953453064,0.190584662110858
G00702,N0025,N0026,TEMPORAL,0.12921567261219,287,1.8032740354538,0.217919514047077
G00703,N0026,N0027,TEMPORAL,0.0151532469317317,413,2.59495568275452,0.313591495823842
G00704,N0027,N0028,TEMPORAL,0.109049826860428,699.000715307216,1.89123857021332,0.228549734244495
G00705,N0028,N0029,TEMPORAL,0.129215657711029,287,1.80327415466309,0.217919514047077
G00706,N0029,N0030,TEMPORAL,0.0159604251384735,411,2.58238911628723,0.312072892938496
G00707,N0030,N0031,TEMPORAL,0.00796529836952686,412.001213590446,2.58867239952087,0.446469248291572
G00708,N0031,N0032,TEMPORAL,0.00273230951279402,460,2.89026522636414,0.349278663629462
G00709,N0032,N0033,TEMPORAL,0.0022042840719223,458.001091701756,2.87769865989685,0.411541381928625
G00710,N0033,N0034,TEMPORAL,0.221733018755913,236,1.48283171653748,0.179195140470767
G00711,N0034,N0035,TEMPORAL,0.254891991615295,221,1.38858366012573,0.167805618830676
G00712,N0035,N0036,TEMPORAL,0.183664694428444,745.000671140637,1.60221219062805,0.193621867881549
G00713,N0036,N0037,TEMPORAL,0.130739137530327,286,1.79699087142944,0.217160212604404
G00714,N0037,N0038,TEMPORAL,0.00169950712006539,468,2.94053077697754,0.355353075170843
G00715,N0038,N0039,TEMPORAL,0.00149212882388383,466.001072960138,2.92796421051025,0.405466970387244
G00716,N0039,N0040,TEMPORAL,0.0101908100768924,427,2.68292021751404,0.32422171602126
G00717,N0040,N0041,TEMPORAL,0.00584948249161243,427.001170958582,2.68292021751404,0.43507972665148
G00718,N0041,N0042,TEMPORAL,0.00288080470636487,459,2.88398194313049,0.348519362186789
G00719,N0042,N0043,TEMPORAL,0.000273842393653467,486.001028805495,3.05362796783447,0.390280941533788
G00720,N0043,N0044,TEMPORAL,0.0081374142318964,434,2.7269024848938,0.32953682611997
G00721,N0044,N0045,TEMPORAL,0.00825862493366003,410.001219510381,2.57610607147217,0.447987851176917
G00722,N0045,N0046,TEMPORAL,0.20719963312149,243,1.52681398391724,0.184510250569478
G00723,N0046,N0047,TEMPORAL,0.2737056016922,213,1.33831834793091,0.161731207289293
G00724,N0047,N0048,TEMPORAL,0.0022042840719223,458.001091701756,2.87769865989685,0.411541381928625
G00725,N0048,N0049,TEMPORAL,0.203156530857086,245,1.53938031196594,0.186028853454822
G00726,N0049,N0050,TEMPORAL,0.252595543861389,222,1.39486694335938,0.168564920273349
G00727,N0050,N0051,TEMPORAL,0.0010365842608735,472.001059320845,2.96566319465637,0.400911161731207
G00728,N0051,N0052,TEMPORAL,0.00128256087191403,472,2.96566319465637,0.358390280941535
G00729,N0052,N0053,TEMPORAL,0.00110752077307552,471.001061569929,2.95938014984131,0.401670463173879
G00730,N0053,N0054,TEMPORAL,0.223857924342155,235,1.47654867172241,0.178435839028094
G00731,N0054,N0055,TEMPORAL,0.221733063459396,236,1.4828314781189,0.179195140470767
G00732,N0055,N0056,TEMPORAL,0.0010365842608735,472.001059320845,2.96566319465637,0.400911161731207
G00733,N0056,N0057,TEMPORAL,0.19718262553215,248,1.55822968482971,0.18830675778284
G00734,N0057,N0058,TEMPORAL,0.239074662327766,228,1.43256640434265,0.173120728929385
G00735,N0058,N0059,TEMPORAL,0.000900931598152965,474.001054851147,2.97822976112366,0.399392558845863
G00736,N0059,N0060,TEMPORAL,0.203156486153603,245,1.53938055038452,0.18602885345482
G00737,N0060,N0061,TEMPORAL,0.239074692130089,228,1.43256616592407,0.173120728929385
G00738,N0061,N0062,TEMPORAL,0.000900927581824362,474.001054851147,2.97822999954224,0.399392558845863
G00739,N0062,N0063,TEMPORAL,0.20719963312149,243,1.52681398391724,0.184510250569476
G00740,N0063,N0064,TEMPORAL,0.230305969715118,232,1.45769906044006,0.176157934700075
G00741,N0064,N0065,TEMPORAL,0.000773771025706083,476.001050419009,2.99079608917236,0.397873955960517
G00742,N0065,N0066,TEMPORAL,0.00128256087191403,472,2.96566319465637,0.358390280941533
G00743,N0066,N0067,TEMPORAL,0.168931931257248,737.000678425739,1.65247797966003,0.19969627942293
G00744,N0067,N0068,TEMPORAL,0.167143657803535,264,1.65876090526581,0.200455580865604
G00745,N0068,N0069,TEMPORAL,0.283407002687454,209,1.31318593025208,0.158694001518604
G00746,N0069,N0070,TEMPORAL,0.179910212755203,257,1.61477851867676,0.195140470766894
G00747,N0070,N0071,TEMPORAL,0.156660318374634,730.000684931186,1.69646000862122,0.205011389521641
G00748,N0071,N0072,TEMPORAL,0.172543987631798,261,1.63991129398346,0.198177676537583
G00749,N0072,N0073,TEMPORAL,0.195215374231339,249,1.56451320648193,0.189066059225514
G00750,N0073,N0074,TEMPORAL,0.261854946613312,218,1.36973428726196,0.165527714502659
G00751,N0074,N0075,TEMPORAL,0.135377064347267,717.000697349731,1.77814126014709,0.214882308276383
G00752,N0075,N0076,TEMPORAL,0.191317141056061,251,1.57707953453064,0.190584662110858
G00753,N0076,N0077,TEMPORAL,0.191317185759544,251,1.57707929611206,0.190584662110858
G00754,N0077,N0078,TEMPORAL,0.239074662327766,228,1.43256640434265,0.173120728929387
G00755,N0078,N0079,TEMPORAL,0.178050816059113,742.000673854141,1.6210618019104,0.195899772209568
G00756,N0079,N0080,TEMPORAL,0.168931975960732,263,1.65247774124146,0.19969627942293
G00757,N0080,N0081,TEMPORAL,0.195215374231339,249,1.56451320648193,0.18906605922551
G00758,N0081,N0082,TEMPORAL,0.234665840864182,230,1.44513261318207,0.174639331814731
G00759,N0082,N0083,TEMPORAL,0.154953971505165,729.000685870734,1.70274317264557,0.205770690964314
G00760,N0083,N0084,TEMPORAL,0.1913171261549,251,1.57707965373993,0.190584662110858
G00761,N0084,N0085,TEMPORAL,0.197182580828667,248,1.55822992324829,0.18830675778284
G00762,N0085,N0086,TEMPORAL,0.254891991615295,221,1.38858366012573,0.167805618830673
G00763,N0086,N0087,TEMPORAL,0.13852547109127,719.000695409956,1.76557517051697,0.213363705391043
G00764,N0087,N0088,TEMPORAL,0.1952153891325,249,1.56451308727264,0.18906605922551
G00765,N0088,N0089,TEMPORAL,0.170732095837593,262,1.64619445800781,0.19893697798026
G00766,N0089,N0090,TEMPORAL,0.278531700372696,211,1.32575225830078,0.160212604403949
G00767,N0090,N0091,TEMPORAL,0.141719430685043,721.000693480942,1.75300860404968,0.211845102505695
G00768,N0091,N0092,TEMPORAL,0.197182580828667,248,1.55822992324829,0.18830675778284
G00769,N0092,N0093,TEMPORAL,0.193260222673416,250,1.57079648971558,0.189825360668184
G00770,N0093,N0094,TEMPORAL,0.271310865879059,214,1.34460163116455,0.162490508731967
G00771,N0094,N0095,TEMPORAL,0.127703413367271,712.000702246845,1.80955719947815,0.218678815489749
G00772,N0095,N0096,TEMPORAL,0.201153114438057,246,1.54566359519958,0.186788154897496
G00773,N0096,N0097,TEMPORAL,0.187467008829117,253,1.58964562416077,0.192103264996202
G00774,N0097,N0098,TEMPORAL,0.271310776472092,214,1.34460210800171,0.162490508731967
G00775,N0098,N0099,TEMPORAL,0.15157613158226,727.000687757584,1.71530938148499,0.207289293849659
G00776,N0099,N0100,TEMPORAL,0.174367725849152,260,1.6336282491684,0.197418375094912
G00777,N0100,N0101,TEMPORAL,0.170732051134109,262,1.64619469642639,0.198936977980257
G00778,N0101,N0102,TEMPORAL,0.261854946613312,218,1.36973428726196,0.165527714502659
G00779,N0102,N0103,TEMPORAL,0.165367126464844,735.000680271794,1.66504406929016,0.201214882308275
G00780,N0103,N0104,TEMPORAL,0.11179930716753,299,1.87867248058319,0.227031131359151
G00781,N0104,N0105,TEMPORAL,0.266558349132538,216,1.35716795921326,0.164009111617311
G00782,N0105,N0106,TEMPORAL,0.254891932010651,221,1.3885840177536,0.167805618830677
G00783,N0106,N0107,TEMPORAL,0.174367740750313,740.000675675367,1.63362812995911,0.197418375094912
G00784,N0107,N0108,TEMPORAL,0.106343358755112,303,1.90380525588989,0.23006833712984
G00785,N0108,N0109,TEMPORAL,0.290811955928802,206,1.29433608055115,0.156416097190586
G00786,N0109,N0110,TEMPORAL,0.23247979581356,231,1.45141589641571,0.175398633257402
G00787,N0110,N0111,TEMPORAL,0.174367740750313,740.000675675367,1.63362812995911,0.197418375094912
G00788,N0111,N0112,TEMPORAL,0.106343358755112,303,1.90380525588989,0.230068337129843
G00789,N0112,N0113,TEMPORAL,0.285863041877747,208,1.30690264701843,0.157934700075927
G00790,N0113,N0114,TEMPORAL,0.241297528147697,227,1.42628288269043,0.172361427486713
G00791,N0114,N0115,TEMPORAL,0.170732051134109,738.000677506464,1.64619469642639,0.19893697798026
G00792,N0115,N0116,TEMPORAL,0.0922166779637337,314,1.97292017936707,0.238420652999238
G00793,N0116,N0117,TEMPORAL,0.0125246560201049,420,2.63893795013428,0.318906605922553
G00794,N0117,N0118,TEMPORAL,0.16360242664814,734.000681198594,1.67132687568665,0.201974183750949
G00795,N0118,N0119,TEMPORAL,0.103679791092873,305,1.9163715839386,0.231586940015184
G00796,N0119,N0120,TEMPORAL,0.298327028751373,203,1.2754864692688,0.154138192862568
G00797,N0120,N0121,TEMPORAL,0.230305969715118,232,1.45769906044006,0.176157934700075
G00798,N0121,N0122,TEMPORAL,0.174367740750313,740.000675675367,1.63362812995911,0.197418375094912
G00799,N0122,N0123,TEMPORAL,0.106343358755112,303,1.90380525588989,0.23006833712984
G00800,N0123,N0124,TEMPORAL,0.00760025717318058,436,2.7394688129425,0.331055429005318
G00801,N0124,N0125,TEMPORAL,0.172544062137604,739.000676589677,1.63991093635559,0.198177676537583
G00802,N0125,N0126,TEMPORAL,0.118863388895988,294,1.84725642204285,0.223234624145789
G00803,N0126,N0127,TEMPORAL,0.00522916996851563,446,2.80230069160461,0.338648443432042
G00804,N0127,N0128,TEMPORAL,0.254891961812973,779.000641848259,1.38858389854431,0.167805618830673
G00805,N0128,N0129,TEMPORAL,0.232479825615883,231,1.45141577720642,0.175398633257405
G00806,N0129,N0130,TEMPORAL,0.00210914481431246,541,2.88398194313049,0.410782080485951
G00807,N0130,N0131,TEMPORAL,0.170732051134109,738.000677506464,1.64619469642639,0.19893697798026
G00808,N0131,N0132,TEMPORAL,0.118863366544247,294,1.84725654125214,0.223234624145785
G00809,N0132,N0133,TEMPORAL,0.00423173699527979,451,2.83371639251709,0.342444950645405
G00810,N0133,N0134,TEMPORAL,0.0036905815359205,546.000915750148,2.85256624221802,0.344722854973426
G00811,N0001,N0014,ANCHOR_EVENT,1,0,NaN,NaN
G00812,N0002,N0037,ANCHOR_EVENT,1,0,NaN,NaN
G00813,N0003,N0039,ANCHOR_EVENT,1,0,NaN,NaN
G00814,N0004,N0043,ANCHOR_EVENT,1,0,NaN,NaN
G00815,N0005,N0045,ANCHOR_EVENT,1,0,NaN,NaN
G00816,N0006,N0048,ANCHOR_EVENT,1,0,NaN,NaN
G00817,N0007,N0051,ANCHOR_EVENT,1,0,NaN,NaN
G00818,N0008,N0053,ANCHOR_EVENT,1,0,NaN,NaN
G00819,N0009,N0056,ANCHOR_EVENT,1,0,NaN,NaN
G00820,N0010,N0059,ANCHOR_EVENT,1,0,NaN,NaN
G00821,N0011,N0062,ANCHOR_EVENT,1,0,NaN,NaN
G00822,N0012,N0065,ANCHOR_EVENT,1,0,NaN,NaN
