time_sec,timekernel_signal
0,0.102054213408231
0.0166666666666667,0.174872913985079
0.0333333333333333,0.277917916187986
0.05,0.409651018643891
0.0666666666666667,0.560036060829237
0.0833333333333333,0.710106061169057
0.1,0.835095968999908
0.116666666666667,0.9108691841734
0.133333333333333,0.922238740635112
0.15,0.866682695830379
0.166666666666667,0.757657855050621
0.183333333333333,0.619557927298013
0.2,0.481198296321148
0.216666666666667,0.36907243581556
0.233333333333333,0.302870973920389
0.25,0.293652736519177
0.266666666666667,0.343534777529105
0.283333333333333,0.445574966694841
0.3,0.583601031524086
0.316666666666667,0.733078047515093
0.333333333333333,0.864483556651467
0.35,0.949546310635756
0.366666666666667,0.968776534392763
0.383333333333333,0.917060000906511
0.4,0.805486095302242
0.416666666666667,0.656183855489966
0.433333333333333,0.495793062757719
0.45,0.347442403544554
0.466666666666667,0.22582528553485
0.483333333333333,0.136134886463343
0.5,0.0761154830118959
0.516666666666667,0.0394714178752585
0.533333333333333,0.0189844437561213
0.55,0.00846871644356098
0.566666666666667,0.00350381252215671
0.583333333333333,0.00134451771371591
0.6,0.000478512515855766
0.616666666666667,0
0.633333333333333,0
0.65,0
0.666666666666667,0
0.683333333333333,0
0.7,0
0.716666666666667,0
0.733333333333333,0
0.75,0
0.766666666666667,0
0.783333333333333,0
0.8,0
0.816666666666667,0
0.833333333333333,0
0.85,0
0.866666666666667,0.00081683661144039
0.883333333333333,0.00220551048245888
0.9,0.00552318778835395
0.916666666666667,0.0128285606692616
0.933333333333333,0.0276359264320616
0.95,0.0552177202529956
0.966666666666667,0.102327292558537
0.983333333333333,0.175878649096905
1,0.280377581979551
1.01666666666667,0.41455671360719
1.03333333333333,0.568497000481306
1.05,0.723064311179939
1.06666666666667,0.852964620590019
1.08333333333333,0.933235222049054
1.1,0.94701695567112
1.11666666666667,0.89131513541468
1.13333333333333,0.778057887679982
1.15,0.629940735532951
1.16666666666667,0.473036364947574
1.18333333333333,0.329455041548987
1.2,0.212815946831838
1.21666666666667,0.127502292022716
1.23333333333333,0.0708495201253165
1.25,0.0365140549571086
1.26666666666667,0.0174536569278748
1.28333333333333,0.00773775312221916
1.3,0.00318158897935683
1.31666666666667,0.00121331235737918
1.33333333333333,0.000429139956993824
1.35,0
1.36666666666667,0
1.38333333333333,0
1.4,0
1.41666666666667,0
1.43333333333333,0
1.45,0
1.46666666666667,0
1.48333333333333,0
1.5,0
1.51666666666667,0
1.53333333333333,0
1.55,0
1.56666666666667,0
1.58333333333333,0
1.6,0
1.61666666666667,0
1.63333333333333,0
1.65,0
1.66666666666667,0
1.68333333333333,0
1.7,0.000835555471305052
1.71666666666667,0.00226007578441186
1.73333333333333,0.00566983696439767
1.75,0.0131922655497689
1.76666666666667,0.0284689007352638
1.78333333333333,0.0569804173730192
1.8,0.105775512847803
1.81666666666667,0.182116822019831
1.83333333333333,0.290817857763859
1.85,0.430723617333295
1.86666666666667,0.591675076124466
1.88333333333333,0.75383284102659
1.9,0.890787426452545
1.91666666666667,0.976293168673256
1.93333333333333,0.992414991180907
1.95,0.935648801791807
1.96666666666667,0.81816017761357
1.98333333333333,0.663542914964112
2,0.49911892808338
2.01666666666667,0.348213926106504
2.03333333333333,0.225318223145934
2.05,0.135224317050954
2.06666666666667,0.0752699496866892
2.08333333333333,0.0388594544633535
2.1,0.018607145524636
2.11666666666667,0.00826362060326542
2.13333333333333,0.00340383084863623
2.15,0.00130038462186045
2.16666666666667,0.000460766667362181
2.18333333333333,0
2.2,0
2.21666666666667,0
2.23333333333333,0
2.25,0
2.26666666666667,0
2.28333333333333,0
2.3,0
2.31666666666667,0
2.33333333333333,0
2.35,0
2.36666666666667,0
2.38333333333333,0
2.4,0
2.41666666666667,0
2.43333333333333,0
2.45,0
2.46666666666667,0.00057213775080655
2.48333333333333,0.00158671909167635
2.5,0.00408134779248362
2.51666666666667,0.00973671108055805
2.53333333333333,0.0215440298099989
2.55,0.0442128271940665
2.56666666666667,0.084154409016008
2.58333333333333,0.148563835789236
2.6,0.243252447502476
2.61666666666667,0.36941055862215
2.63333333333333,0.52031852658805
2.65,0.679730794636074
2.66666666666667,0.823591558933804
2.68333333333333,0.925529912838477
2.7,0.964660562817407
2.71666666666667,0.932534221429128
2.73333333333333,0.836106823001348
2.75,0.695289840558526
2.76666666666667,0.536262418853166
2.78333333333333,0.383615622313902
2.8,0.254520386392175
2.81666666666667,0.156623165314529
2.83333333333333,0.0893914877680292
2.85,0.0473197605052014
2.86666666666667,0.0232324183668308
2.88333333333333,0.0105791546773132
2.9,0.00446797966908663
2.91666666666667,0.00175014466669751
2.93333333333333,0.000635825548075402
2.95,0
2.96666666666667,0
2.98333333333333,0
3,0
3.01666666666667,0
3.03333333333333,0
3.05,0
3.06666666666667,0
3.08333333333333,0
3.1,0
3.11666666666667,0
3.13333333333333,0
3.15,0
3.16666666666667,0.000821704833643877
3.18333333333333,0.00222552998786017
3.2,0.00559057649174417
3.21666666666667,0.0130252512873324
3.23333333333333,0.0281463891142579
3.25,0.0564113972831631
3.26666666666667,0.104862207735329
3.28333333333333,0.180792048954692
3.3,0.289099877966632
3.31666666666667,0.428770251093204
3.33333333333333,0.589806133094193
3.35,0.752488606020032
3.36666666666667,0.890420620392712
3.38333333333333,0.97722810493753
3.4,0.994724514545097
3.41666666666667,0.939109744175196
3.43333333333333,0.822312501585937
3.45,0.667828072699492
3.46666666666667,0.50303677649523
3.48333333333333,0.35143255546334
3.5,0.227714756700473
3.51666666666667,0.136850654968533
3.53333333333333,0.0762796235130199
3.55,0.0394344184793229
3.56666666666667,0.0189080488220698
3.58333333333333,0.00840855466269693
3.6,0.00346815258914066
3.61666666666667,0.00132670986164985
3.63333333333333,0.000470709761766255
3.65,0
3.66666666666667,0
3.68333333333333,0
3.7,0
3.71666666666667,0.000679786341473055
3.73333333333333,0.00185805667398631
3.75,0.00471027245885023
3.76666666666667,0.0110747768963181
3.78333333333333,0.0241505499303066
3.8,0.0488453470142659
3.81666666666667,0.0916272010299458
3.83333333333333,0.159415831370158
3.85,0.257243786852501
3.86666666666667,0.385003976082267
3.88333333333333,0.534432317607113
3.9,0.688061938001025
3.91666666666667,0.821617481184635
3.93333333333333,0.910823772830366
3.95,0.937050798430937
3.96666666666667,0.896363104027352
3.98333333333333,0.800438618023952
4,0.674019590703004
4.01666666666667,0.548247019445626
4.03333333333333,0.452888263435132
4.05,0.409907748122677
4.06666666666667,0.429471448864234
4.08333333333333,0.508275075893591
4.1,0.629900844778711
4.11666666666667,0.767416545367063
4.13333333333333,0.88864499940082
4.15,0.963716694862411
4.16666666666667,0.972995429160425
4.18333333333333,0.912443514619585
4.2,0.793882935884902
4.21666666666667,0.64099230517035
4.23333333333333,0.480015679410466
4.25,0.333398562221434
4.26666666666667,0.214771670483967
4.28333333333333,0.12832000690764
4.3,0.0711074079989693
4.31666666666667,0.0365457822125785
4.33333333333333,0.0174204882365371
4.35,0.00770215092688466
4.36666666666667,0.0031584451319534
4.38333333333333,0.00120127927562319
4.4,0.000423763487217754
4.41666666666667,0
4.43333333333333,0
4.45,0
4.46666666666667,0
4.48333333333333,0
4.5,0
4.51666666666667,0
4.53333333333333,0
4.55,0
4.56666666666667,0
4.58333333333333,0
4.6,0
4.61666666666667,0
4.63333333333333,0
4.65,0
4.66666666666667,0
4.68333333333333,0
4.7,0
4.71666666666667,0
4.73333333333333,0.000651451088534634
4.75,0.00179315482314961
4.76666666666667,0.0045777811662137
4.78333333333333,0.010839139526829
4.8,0.0238033597111282
4.81666666666667,0.0484826531170716
4.83333333333333,0.0915883015215152
4.85,0.160472211037653
4.86666666666667,0.260775275972038
4.88333333333333,0.393043053226988
4.9,0.549441175428649
4.91666666666667,0.712376727940494
4.93333333333333,0.856654315989942
4.95,0.955451437087837
4.96666666666667,0.988367289763745
4.98333333333333,0.948274996207747
5,0.843831486796023
5.01666666666667,0.696435315341673
5.03333333333333,0.533105458811046
5.05,0.37848889724395
5.06666666666667,0.249230425222565
5.08333333333333,0.152214821871708
5.1,0.086222520508043
5.11666666666667,0.0452993662962303
5.13333333333333,0.0220734786666396
5.15,0.00997599270959841
5.16666666666667,0.00418164773364299
5.18333333333333,0.00162571303182153
5.2,0.000586198150865243
5.21666666666667,0
5.23333333333333,0
5.25,0
5.26666666666667,0
5.28333333333333,0
5.3,0
5.31666666666667,0
5.33333333333333,0
5.35,0
5.36666666666667,0
5.38333333333333,0
5.4,0
5.41666666666667,0.000468806544355958
5.43333333333333,0.00131745992472389
5.45,0.00343386352765998
5.46666666666667,0.0083010254452101
5.48333333333333,0.018611639908255
5.5,0.0387028244475698
5.51666666666667,0.0746460090550951
5.53333333333333,0.133529456612906
5.55,0.221541255914809
5.56666666666667,0.340909827674443
5.58333333333333,0.486555046963114
5.6,0.644068435008747
5.61666666666667,0.790750518862967
5.63333333333333,0.900438590102242
5.65,0.95098881396501
5.66666666666667,0.931542796001001
5.68333333333333,0.846316814180938
5.7,0.71313195685001
5.71666666666667,0.557332132829529
5.73333333333333,0.403985568331962
5.75,0.271597253975928
5.76666666666667,0.169352911994315
5.78333333333333,0.0979416893681225
5.8,0.0525351337150819
5.81666666666667,0.0261359907486405
5.83333333333333,0.0120596404396051
5.85,0.00516101660640581
5.86666666666667,0.00204852255001358
5.88333333333333,0.000754136187055421
5.9,0
5.91666666666667,0
5.93333333333333,0
5.95,0
5.96666666666667,0
5.98333333333333,0
6,0
6.01666666666667,0
6.03333333333333,0
6.05,0
6.06666666666667,0
6.08333333333333,0
6.1,0
6.11666666666667,0
6.13333333333333,0
6.15,0
6.16666666666667,0
6.18333333333333,0.000713008679652056
6.2,0.00195143175874594
6.21666666666667,0.00495356696332714
6.23333333333333,0.0116624448078275
6.25,0.025466465969424
6.26666666666667,0.0515769605264077
6.28333333333333,0.0968837865108428
6.3,0.168793185860026
6.31666666666667,0.272751506577099
6.33333333333333,0.408778158787598
6.35,0.568220110918251
6.36666666666667,0.732570689445054
6.38333333333333,0.87596630890204
6.4,0.971473486421469
6.41666666666667,1
6.43333333333333,0.955312249383184
6.45,0.848555829825285
6.46666666666667,0.704001780558385
6.48333333333333,0.552355811224888
6.5,0.423090871594861
6.51666666666667,0.338801091708725
6.53333333333333,0.312526019608365
6.55,0.347210932666949
6.56666666666667,0.435918314577612
6.58333333333333,0.562241658595142
6.6,0.701667614961892
6.61666666666667,0.82513078187438
6.63333333333333,0.905090838268353
6.65,0.922663258237435
6.66666666666667,0.872806442463203
6.68333333333333,0.766219811789141
6.7,0.62387239665061
6.71666666666667,0.471135221125274
6.73333333333333,0.329991744826349
6.75,0.214372175931852
6.76666666666667,0.129164025923631
6.78333333333333,0.0721809125032997
6.8,0.0374119604094678
6.81666666666667,0.0179847902364811
6.83333333333333,0.00801874598416646
6.85,0.0033159876821391
6.86666666666667,0.00127181455124921
6.88333333333333,0.00045241605567711
6.9,0
6.91666666666667,0
6.93333333333333,0
6.95,0.000389216039901179
6.96666666666667,0.00111112900969126
6.98333333333333,0.00294203381884622
7,0.00722504599527126
7.01666666666667,0.0164576570840315
7.03333333333333,0.0347692476732648
7.05,0.0681277172575028
7.06666666666667,0.12380975701726
7.08333333333333,0.208684160368992
7.1,0.326233555667214
7.11666666666667,0.473013026487251
7.13333333333333,0.636097298586543
7.15,0.793378593076536
7.16666666666667,0.917791913069135
7.18333333333333,0.98472505136472
7.2,0.979924896800174
7.21666666666667,0.904435335245528
7.23333333333333,0.774228044411903
7.25,0.614704641223155
7.26666666666667,0.452657498343669
7.28333333333333,0.309156117175907
7.3,0.195834852480195
7.31666666666667,0.115054898573008
7.33333333333333,0.0626934342409701
7.35,0.0316854201993415
7.36666666666667,0.0148527251721657
7.38333333333333,0.00645746338816248
7.4,0.0026039137973554
7.41666666666667,0.00097386699338851
7.43333333333333,0.000337816204618261
7.45,0
7.46666666666667,0.000666155081423692
7.48333333333333,0.00182228766575104
7.5,0.00462341323748972
7.51666666666667,0.0108796185062805
7.53333333333333,0.023744916417614
7.55,0.0480655969212479
7.56666666666667,0.0902412894640066
7.58333333333333,0.157138964568129
7.6,0.253787573447269
7.61666666666667,0.380158549977596
7.63333333333333,0.528161850484436
7.65,0.680576436583572
7.66666666666667,0.813380961444625
7.68333333333333,0.901601353178862
7.7,0.926916657973103
7.71666666666667,0.883838842248761
7.73333333333333,0.781649899414569
7.75,0.641148517826913
7.76666666666667,0.488146047049434
7.78333333333333,0.345254335834882
7.8,0.228112595038136
7.81666666666667,0.143785260147688
7.83333333333333,0.0930940211960517
7.85,0.074310745644129
7.86666666666667,0.0864252202309945
7.88333333333333,0.130620573746877
7.9,0.209386217215068
7.91666666666667,0.323540135940491
7.93333333333333,0.468293136141461
7.95,0.630045886702834
7.96666666666667,0.78704924089432
7.98333333333333,0.911882273042919
8,0.979901175472863
8.01666666666667,0.976626362766928
8.03333333333333,0.902777748461694
8.05,0.773998402994813
8.06666666666667,0.615469480558005
8.08333333333333,0.453921221702846
8.1,0.310500333640218
8.11666666666667,0.196993197079099
8.13333333333333,0.115917166770013
8.15,0.0632632210666189
8.16666666666667,0.0320229505096613
8.18333333333333,0.0150340926851976
8.2,0.00654633342608823
8.21666666666667,0.00264376637446139
8.23333333333333,0.000990263959955453
8.25,0.000344017526037731
8.26666666666667,0
8.28333333333333,0
8.3,0
8.31666666666667,0
8.33333333333333,0
8.35,0
8.36666666666667,0
8.38333333333333,0
8.4,0
8.41666666666667,0
8.43333333333333,0
8.45,0
8.46666666666667,0
8.48333333333333,0
8.5,0
8.51666666666667,0
8.53333333333333,0.000569725544854067
8.55,0.00158108361511077
8.56666666666667,0.00406959008861732
8.58333333333333,0.00971524809280613
8.6,0.0215112221563916
8.61666666666667,0.0441758223091896
8.63333333333333,0.0841419967102266
8.65,0.148644788707791
8.66666666666667,0.243553959755825
8.68333333333333,0.370128260643802
8.7,0.521690160129652
8.71666666666667,0.681989022217371
8.73333333333333,0.826889178094042
8.75,0.929871879881744
8.76666666666667,0.969851737503476
8.78333333333333,0.938197780144503
8.8,0.841764313789021
8.81666666666667,0.700476801485181
8.83333333333333,0.540634886644515
8.85,0.387009129676409
8.86666666666667,0.25694774010987
8.88333333333333,0.15822470872745
8.9,0.0903668258713667
8.91666666666667,0.0478683141586298
8.93333333333333,0.0235174718737383
8.95,0.0107160665328943
8.96666666666667,0.00452877942538574
8.98333333333333,0.00177511515856673
9,0.000645312323833244
9.01666666666667,0
9.03333333333333,0
9.05,0
9.06666666666667,0
9.08333333333333,0
9.1,0
9.11666666666667,0
9.13333333333333,0
9.15,0
9.16666666666667,0.000418084860811631
9.18333333333333,0.00118398075380066
9.2,0.00310978385202074
9.21666666666667,0.00757568677606189
9.23333333333333,0.0171167297558265
9.25,0.0358696497073411
9.26666666666667,0.0697174443728883
9.28333333333333,0.125679380403425
9.3,0.210133338763039
9.31666666666667,0.325862360776223
9.33333333333333,0.468685523038076
9.35,0.625224584169362
9.36666666666667,0.773561547570924
9.38333333333333,0.887685011884701
9.4,0.94477589555509
9.41666666666667,0.932621002624494
9.43333333333333,0.853863523318908
9.45,0.725068220967275
9.46666666666667,0.571053138723146
9.48333333333333,0.417139545265231
9.5,0.282613681416628
9.51666666666667,0.177587181637344
9.53333333333333,0.103498997253648
9.55,0.0559456202614684
9.56666666666667,0.0280479191683973
9.58333333333333,0.013041839051415
9.6,0.00562444337822297
9.61666666666667,0.00224968407365297
9.63333333333333,0.000834571217943031
9.65,0
9.66666666666667,0
9.68333333333333,0
9.7,0
9.71666666666667,0
9.73333333333333,0
9.75,0
9.76666666666667,0
9.78333333333333,0
9.8,0
9.81666666666667,0
9.83333333333333,0
9.85,0
9.86666666666667,0
9.88333333333333,0
9.9,0
9.91666666666667,0
9.93333333333333,0
9.95,0
9.96666666666667,0
9.98333333333333,0
10,0.000854601354219398
10.0166666666667,0.00230293855200994
10.0333333333333,0.00575571647100566
10.05,0.0133418550799757
10.0666666666667,0.028683636814355
10.0833333333333,0.0571945475667399
10.1,0.105773912747924
10.1166666666667,0.181429123903126
10.1333333333333,0.28862952063716
10.15,0.425873358787434
10.1666666666667,0.582809597659936
10.1833333333333,0.739741149961087
10.2,0.870843130960765
10.2166666666667,0.950839479111494
10.2333333333333,0.962900694517872
10.25,0.904404169302606
10.2666666666667,0.787861647882866
10.2833333333333,0.63656557251182
10.3,0.477025284285413
10.3166666666667,0.331546044196733
10.3333333333333,0.213722127969478
10.35,0.127781357609748
10.3666666666667,0.0708588689160715
10.3833333333333,0.0364443065759423
10.4,0.0173849647554361
10.4166666666667,0.00769177046960802
10.4333333333333,0.00315636172427156
10.45,0.00120130860457167
10.4666666666667,0.000424061686808014
10.4833333333333,0
10.5,0
10.5166666666667,0
10.5333333333333,0
10.55,0
10.5666666666667,0
10.5833333333333,0
10.6,0
10.6166666666667,0
10.6333333333333,0
10.65,0
10.6666666666667,0
10.6833333333333,0
10.7,0.000338317280798911
10.7166666666667,0.000973384606573207
10.7333333333333,0.00259743128731064
10.75,0.00642842244610409
10.7666666666667,0.0147559376066726
10.7833333333333,0.0314146659154994
10.8,0.0620300807182059
10.8166666666667,0.113599755959195
10.8333333333333,0.192956022755313
10.85,0.30398051971016
10.8666666666667,0.444160643761647
10.8833333333333,0.601923887236714
10.9,0.756572216941793
10.9166666666667,0.881995705936427
10.9333333333333,0.953651362191571
10.95,0.956355877521477
10.9666666666667,0.889519891292882
10.9833333333333,0.7673568592296
11,0.613965368109302
11.0166666666667,0.455612778537077
11.0333333333333,0.313585320391115
11.05,0.200181359407683
11.0666666666667,0.118522210823877
11.0833333333333,0.0650854651786295
11.1,0.0331494436470855
11.1166666666667,0.0156594347277612
11.1333333333333,0.00686093038420561
11.15,0.00278802313891778
11.1666666666667,0.00105078858636101
11.1833333333333,0.000367315254773834
11.2,0
11.2166666666667,0
11.2333333333333,0
11.25,0
11.2666666666667,0
11.2833333333333,0
11.3,0.000326649750932844
11.3166666666667,0.000939095421814317
11.3333333333333,0.00250407328494723
11.35,0.00619334341997458
11.3666666666667,0.0142070006365015
11.3833333333333,0.030225965931809
11.4,0.0596430487253914
11.4166666666667,0.109154716899504
11.4333333333333,0.185280295048318
11.45,0.291689566019352
11.4666666666667,0.425910378181688
11.4833333333333,0.576795416841717
11.5,0.724489437481254
11.5166666666667,0.844013259588705
11.5333333333333,0.9119553061496
11.55,0.913913046982394
11.5666666666667,0.850057856889181
11.5833333333333,0.73395119617047
11.6,0.589758138913051
11.6166666666667,0.444301776373678
11.6333333333333,0.32093287949664
11.65,0.236140896201594
11.6666666666667,0.199361017453123
11.6833333333333,0.214453050573835
11.7,0.280747164245384
11.7166666666667,0.392499238377838
11.7333333333333,0.537138740170552
11.75,0.694180862704811
11.7666666666667,0.836877701639126
11.7833333333333,0.937435795810343
11.8,0.974366639528983
11.8166666666667,0.939661330999429
11.8333333333333,0.840479969467437
11.85,0.69725296041971
11.8666666666667,0.536488133530194
11.8833333333333,0.382856690647033
11.9,0.253406755670315
11.9166666666667,0.155562628127439
11.9333333333333,0.0885720403093837
11.95,0.0467725807887496
11.9666666666667,0.0229080538877061
11.9833333333333,0.0104060513989073
12,0.00438412816396965
12.0166666666667,0.00171323946664206
12.0333333333333,0.000620958753556771
12.05,0.000346175440242255
12.0666666666667,0.000992742656934221
12.0833333333333,0.0026404458250739
12.1,0.00651357421583353
12.1166666666667,0.0149026753024758
12.1333333333333,0.0316237219575934
12.15,0.0622395658149042
12.1666666666667,0.113612407560987
12.1833333333333,0.192349591577372
12.2,0.302039385033735
12.2166666666667,0.439888939310134
12.2333333333333,0.59419618566079
12.25,0.744430349614885
12.2666666666667,0.865018825551035
12.2833333333333,0.9322535673581
12.3,0.931856691128317
12.3166666666667,0.863913381774064
12.3333333333333,0.743296690174338
12.35,0.593697036801052
12.3666666666667,0.441539337921363
12.3833333333333,0.308726775281023
12.4,0.209512335648799
12.4166666666667,0.150899596153971
12.4333333333333,0.13530039093442
12.45,0.163210619055342
12.4666666666667,0.234077879368616
12.4833333333333,0.344793704816849
12.5,0.486748281128561
12.5166666666667,0.643495955011
12.5333333333333,0.791213125949829
12.55,0.902891757286281
12.5666666666667,0.956032643929651
12.5833333333333,0.938894163001534
12.6,0.855198781862784
12.6166666666667,0.722476132095468
12.6333333333333,0.566089706784906
12.65,0.411387899394684
12.6666666666667,0.277281758741878
12.6833333333333,0.173341166835627
12.7,0.100505695149567
12.7166666666667,0.0540490747798414
12.7333333333333,0.0269584196471975
12.75,0.0124712201608272
12.7666666666667,0.00535095666907018
12.7833333333333,0.00212942013902806
12.8,0.0007859556198226
12.8166666666667,0
12.8333333333333,0
12.85,0
12.8666666666667,0
12.8833333333333,0
12.9,0
12.9166666666667,0
12.9333333333333,0
12.95,0
12.9666666666667,0
12.9833333333333,0
13,0
13.0166666666667,0
13.0333333333333,0.000756988305946075
13.05,0.00205459614791186
13.0666666666667,0.00517206045310353
13.0833333333333,0.0120754113230964
13.1,0.0261482572642336
13.1166666666667,0.0525154582168862
13.1333333333333,0.0978219098412749
13.15,0.169001481573674
13.1666666666667,0.270801434250918
13.1833333333333,0.402455630993053
13.2,0.554743252096612
13.2166666666667,0.709207364857007
13.2333333333333,0.840933581250263
13.25,0.924820204701355
13.2666666666667,0.943321704725449
13.2833333333333,0.892419073211966
13.3,0.783039733218302
13.3166666666667,0.637241402288867
13.3333333333333,0.480981684142607
13.35,0.336713144510083
13.3666666666667,0.218624924928
13.3833333333333,0.131658093442586
13.4,0.0735366416659293
13.4166666666667,0.0380950250204698
13.4333333333333,0.0183037769417651
13.45,0.00815681720493469
13.4666666666667,0.0033713802337744
13.4833333333333,0.00129241207706127
13.5,0.000459514972584662
13.5166666666667,0
13.5333333333333,0
13.55,0
13.5666666666667,0
13.5833333333333,0
13.6,0
13.6166666666667,0
13.6333333333333,0
13.65,0
13.6666666666667,0
13.6833333333333,0
13.7,0
13.7166666666667,0
13.7333333333333,0
13.75,0
13.7666666666667,0.000227756069651444
13.7833333333333,0.000926171744843454
13.8,0.00248155882731613
13.8166666666667,0.00616681954769755
13.8333333333333,0.0142135501603367
13.85,0.0303843149693545
13.8666666666667,0.0602424513488716
13.8833333333333,0.110780346579016
13.9,0.18894271054744
13.9166666666667,0.298885733610243
13.9333333333333,0.438518561419405
13.95,0.596730858450289
13.9666666666667,0.753141446503004
13.9833333333333,0.881620726976633
14,0.957180253368026
14.0166666666667,0.963847584170468
14.0333333333333,0.900179611769916
14.05,0.779752446500682
14.0666666666667,0.626457363415742
14.0833333333333,0.466803139073106
14.1,0.322614302345757
14.1166666666667,0.206795474756705
14.1333333333333,0.122943569730291
14.15,0.0677918730762978
14.1666666666667,0.0346701701337923
14.1833333333333,0.0164452387052858
14.2,0.00723484871644689
14.2166666666667,0.0029520440692371
14.2333333333333,0.00111716990923114
14.25,0.000392118554796176
14.2666666666667,0
14.2833333333333,0
14.3,0
14.3166666666667,0
14.3333333333333,0
14.35,0
14.3666666666667,0
14.3833333333333,0
14.4,0
14.4166666666667,0
14.4333333333333,0
14.45,0
14.4666666666667,0
14.4833333333333,0
14.5,0
14.5166666666667,0
14.5333333333333,0.000718870472748579
14.55,0.00196106858716633
14.5666666666667,0.00496182733475864
14.5833333333333,0.0116438857800489
14.6,0.0253432434076707
14.6166666666667,0.0511605033751214
14.6333333333333,0.0957890813472025
14.65,0.1663435107254
14.6666666666667,0.267919475956305
14.6833333333333,0.400233643431552
14.7,0.554531701764879
14.7166666666667,0.712596395267317
14.7333333333333,0.849309823303859
14.75,0.938846598735731
14.7666666666667,0.962564008624847
14.7833333333333,0.915316869043066
14.8,0.807272947408029
14.8166666666667,0.660353494800652
14.8333333333333,0.501002183758604
14.85,0.352540946444902
14.8666666666667,0.230083735602895
14.8833333333333,0.139273382886093
14.9,0.0781907669279656
14.9166666666667,0.0407143127953621
14.9333333333333,0.0196626491629486
14.95,0.00880722501276071
14.9666666666667,0.00365878601722193
14.9833333333333,0.00140972488908213
15,0.000503766882574766
15.0166666666667,0
15.0333333333333,0
15.05,0
15.0666666666667,0
15.0833333333333,0
15.1,0
15.1166666666667,0
15.1333333333333,0
15.15,0
15.1666666666667,0
15.1833333333333,0
15.2,0
15.2166666666667,0
15.2333333333333,0.000451702419032561
15.25,0.00127566116753549
15.2666666666667,0.0033413815413297
15.2833333333333,0.00811755429419374
15.3,0.0182908193850228
15.3166666666667,0.038225239475555
15.3333333333333,0.0740928791766644
15.35,0.133205473393518
15.3666666666667,0.22211079206009
15.3833333333333,0.343494979444107
15.4,0.492691735545715
15.4166666666667,0.655443369620113
15.4333333333333,0.80872487051226
15.45,0.925492095461563
15.4666666666667,0.98231625061168
15.4833333333333,0.967023212544585
15.5,0.88293661049378
15.5166666666667,0.747703047662335
15.5333333333333,0.58726695693899
15.55,0.427807509215861
15.5666666666667,0.289046120591637
15.5833333333333,0.181130305296641
15.6,0.105273607519742
15.6166666666667,0.0567481015551372
15.6333333333333,0.0283717094486707
15.65,0.0131559057830796
15.6666666666667,0.00565790569507565
15.6833333333333,0.00225697439234965
15.7,0.000835040188829356
15.7166666666667,0
15.7333333333333,0
15.75,0
15.7666666666667,0
15.7833333333333,0
15.8,0
15.8166666666667,0
15.8333333333333,0
15.85,0
15.8666666666667,0
15.8833333333333,0
15.9,0
15.9166666666667,0
15.9333333333333,0
15.95,0
15.9666666666667,0
15.9833333333333,0
16,0
16.0166666666667,0
16.0333333333333,0
16.05,0
16.0666666666667,0
16.0833333333333,0
16.1,0
16.1166666666667,0
16.1333333333333,0.000680242548153397
16.15,0.00186721723099901
16.1666666666667,0.00475368136660621
16.1833333333333,0.0112245891603966
16.2,0.0245819795035555
16.2166666666667,0.0499309650432571
16.2333333333333,0.0940654898257242
16.25,0.164360829786942
16.2666666666667,0.266363187846301
16.2833333333333,0.400366777737989
16.3,0.558148458031457
16.3166666666667,0.721687285236499
16.3333333333333,0.865477158676249
16.35,0.962643908739832
16.3666666666667,0.993073245681299
16.3833333333333,0.950173999198862
16.4,0.843202301760487
16.4166666666667,0.694012969842416
16.4333333333333,0.529798564942396
16.45,0.375112403995642
16.4666666666667,0.246331211546548
16.4833333333333,0.150032237681644
16.5,0.0847532689528203
16.5166666666667,0.0444052688895689
16.5333333333333,0.021578339432835
16.55,0.00972537042690769
16.5666666666667,0.00406534959229855
16.5833333333333,0.00157613028243133
16.6,0.000566744760664958
16.6166666666667,0
16.6333333333333,0
16.65,0
16.6666666666667,0
16.6833333333333,0
16.7,0
16.7166666666667,0
16.7333333333333,0
16.75,0
16.7666666666667,0
16.7833333333333,0
16.8,0
16.8166666666667,0.000707429884917496
16.8333333333333,0.001935516964677
16.85,0.00491151430506111
16.8666666666667,0.011559515107213
16.8833333333333,0.0252330858100408
16.9,0.0510867500659859
16.9166666666667,0.0959298607500002
16.9333333333333,0.167073391482965
16.95,0.269878849539105
16.9666666666667,0.404332351835419
16.9833333333333,0.561844390757748
17,0.724104423927773
17.0166666666667,0.865547618733217
17.0333333333333,0.959590224489467
17.05,0.986703133315199
17.0666666666667,0.941008725562026
17.0833333333333,0.832353287562079
17.1,0.682855722930965
17.1166666666667,0.519586139879543
17.1333333333333,0.366685299563144
17.15,0.240014019802741
17.1666666666667,0.145709063664303
17.1833333333333,0.0820432566812195
17.2,0.0428454739020383
17.2166666666667,0.0207525736641389
17.2333333333333,0.0093227277353864
17.25,0.00388433776073541
17.2666666666667,0.00150104151807895
17.2833333333333,0.000537983308783605
17.3,0
17.3166666666667,0
17.3333333333333,0
17.35,0
17.3666666666667,0
17.3833333333333,0
17.4,0
17.4166666666667,0
17.4333333333333,0
17.45,0
17.4666666666667,0
17.4833333333333,0
17.5,0
17.5166666666667,0
17.5333333333333,0.000410137989422335
17.55,0.00116585610131662
17.5666666666667,0.0030737357024762
17.5833333333333,0.00751615028202198
17.6,0.0170463867440687
17.6166666666667,0.0358573012230727
17.6333333333333,0.0699570543563359
17.65,0.126588483355994
17.6666666666667,0.212454336801053
17.6833333333333,0.330711665815588
17.7,0.477459555985967
17.7166666666667,0.639334058373216
17.7333333333333,0.794006644104003
17.75,0.914589472684354
17.7666666666667,0.97709005938626
17.7833333333333,0.968165813082772
17.8,0.889758006665617
17.8166666666667,0.758404997398344
17.8333333333333,0.599566746297344
17.85,0.439623353118988
17.8666666666667,0.298971972298474
17.8833333333333,0.188575900439593
17.9,0.110318215936491
17.9166666666667,0.0598567014552192
17.9333333333333,0.0301218665121954
17.95,0.0140589673319677
17.9666666666667,0.00608591890798815
17.9833333333333,0.00244342333189986
18,0.000909849529474952
18.0166666666667,1.64775703779817e-05
18.0333333333333,0
18.05,0
18.0666666666667,0
18.0833333333333,0
18.1,0
18.1166666666667,0
18.1333333333333,0.000355666005739195
18.15,0.00101729514946594
18.1666666666667,0.00269870579042042
18.1833333333333,0.00664001554817204
18.2,0.0151526478410724
18.2166666666667,0.0320711535973401
18.2333333333333,0.0629575528084208
18.25,0.114627476643677
18.2666666666667,0.193569772073163
18.2833333333333,0.303175691284971
18.3,0.4404120635045
18.3166666666667,0.593378534466369
18.3333333333333,0.741501268818701
18.35,0.859401380759967
18.3666666666667,0.923816012643704
18.3833333333333,0.921045197933509
18.4,0.852131047292306
18.4166666666667,0.73169239575334
18.4333333333333,0.584296230091343
18.45,0.436595664640262
18.4666666666667,0.311203716555213
18.4833333333333,0.223574717385399
18.5,0.182217217305652
18.5166666666667,0.190628196562917
18.5333333333333,0.248764665988493
18.55,0.352667717796771
18.5666666666667,0.492468647616976
18.5833333333333,0.650515280325142
18.6,0.801867497376994
18.6166666666667,0.918474346763086
18.6333333333333,0.976198915076281
18.65,0.962653764379722
18.6666666666667,0.880455831012002
18.6833333333333,0.746875708834375
18.7,0.587619552531151
18.7166666666667,0.428796959913326
18.7333333333333,0.290211735764077
18.75,0.18217390079024
18.7666666666667,0.106063316144831
18.7833333333333,0.0572732578608489
18.8,0.028684404971857
18.8166666666667,0.0133243658380393
18.8333333333333,0.00574054752965928
18.85,0.00229385161650507
18.8666666666667,0.00122056565574966
18.8833333333333,0.00105663688111138
18.9,0.00279535344667586
18.9166666666667,0.00685890909754261
18.9333333333333,0.0156092239960836
18.95,0.0329470063895495
18.9666666666667,0.0644999332951637
18.9833333333333,0.117114682895309
19,0.197229631235687
19.0166666666667,0.308067320120637
19.0333333333333,0.446295217074995
19.05,0.599657109025666
19.0666666666667,0.747289303035504
19.0833333333333,0.863734552903172
19.1,0.925929973766692
19.1166666666667,0.920624936694267
19.1333333333333,0.848973887449772
19.15,0.726127772347401
19.1666666666667,0.576886998180976
19.1833333333333,0.426137900668887
19.2,0.295015293352341
19.2166666666667,0.196481276529898
19.2333333333333,0.136287938543707
19.25,0.115903119371257
19.2666666666667,0.135515593341949
19.2833333333333,0.195296656443385
19.3,0.29419663063051
19.3166666666667,0.426915847350101
19.3333333333333,0.580838011655403
19.35,0.735148319812961
19.3666666666667,0.863586792064542
19.3833333333333,0.94129937903174
19.4,0.951602818654406
19.4166666666667,0.892257789648671
19.4333333333333,0.775946926623024
19.45,0.625865384072034
19.4666666666667,0.46820617856649
19.4833333333333,0.324863213195059
19.5,0.209059955625173
19.5166666666667,0.124780774581137
19.5333333333333,0.0690765174140752
19.55,0.0354665055936568
19.5666666666667,0.0168892632871861
19.5833333333333,0.00745944182031677
19.6,0.00305565356996327
19.6166666666667,0.00116092124512879
19.6333333333333,0.000872894606454895
19.65,0.00130182614001678
19.6666666666667,0.00338894790819575
19.6833333333333,0.00818305921966249
19.7,0.0183259220898416
19.7166666666667,0.0380642027449943
19.7333333333333,0.0733279738544009
19.75,0.131016448708521
19.7666666666667,0.217113164109477
19.7833333333333,0.333696416125284
19.8,0.475688541007643
19.8166666666667,0.628926879503367
19.8333333333333,0.771230767130789
19.85,0.877153319572553
19.8666666666667,0.925281213577601
19.8833333333333,0.905271786929421
19.9,0.821468695738005
19.9166666666667,0.691772746637142
19.9333333333333,0.540827113095875
19.95,0.393752050346329
19.9666666666667,0.269782839824505
19.9833333333333,0.180237351097641
20,0.129828553979925
20.0166666666667,0.119763280079043
20.0333333333333,0.150411407184655
20.05,0.221959297601741
20.0666666666667,0.332597727014136
20.0833333333333,0.475239179763124
20.1,0.634778315763176
20.1166666666667,0.787856185151112
20.1333333333333,0.907971497041984
20.15,0.970519577247549
20.1666666666667,0.962151340014368
20.1833333333333,0.884686726310207
20.2,0.754470982452627
20.2166666666667,0.596763424831114
20.2333333333333,0.43779222636593
20.25,0.297878732625213
20.2666666666667,0.187981804378914
20.2833333333333,0.110026198656521
20.3,0.0597281893403205
20.3166666666667,0.0300721419256418
20.3333333333333,0.0140426747219076
20.35,0.00608226510363752
20.3666666666667,0.0024433771661554
20.3833333333333,0.000910384878865227
20.4,6.54801065207546e-05
20.4166666666667,0
20.4333333333333,0
20.45,0
20.4666666666667,0
20.4833333333333,0
20.5,0
20.5166666666667,0
20.5333333333333,0
20.55,0
20.5666666666667,9.95711761358695e-05
20.5833333333333,0.00092728232915325
20.6,0.00248787358492018
20.6166666666667,0.00619088913671969
20.6333333333333,0.0142884983952975
20.65,0.0305864654585899
20.6666666666667,0.0607269220941742
20.6833333333333,0.111828860786166
20.7,0.190997780414418
20.7166666666667,0.302555952530819
20.7333333333333,0.444515670966372
20.75,0.605721975206049
20.7666666666667,0.765535263227017
20.7833333333333,0.898211273321962
20.8,0.977899233877371
20.8166666666667,0.989493054520794
20.8333333333333,0.933331335993257
20.85,0.826587495132225
20.8666666666667,0.698829274450819
20.8833333333333,0.583870432302369
20.9,0.51090769005293
20.9166666666667,0.497517786533261
20.9333333333333,0.545843868494628
20.95,0.642290419583746
20.9666666666667,0.760659503217431
20.9833333333333,0.868416690110356
21,0.93504249817646
21.0166666666667,0.940279522441652
21.0333333333333,0.879475857289361
21.05,0.763834818812982
21.0666666666667,0.615448406465051
21.0833333333333,0.460175327238454
21.1,0.319126303033863
21.1166666666667,0.205262415087156
21.1333333333333,0.122451368267049
21.15,0.0677524307518084
21.1666666666667,0.0347690361981527
21.1833333333333,0.0165487922594063
21.2,0.0073054174000857
21.2166666666667,0.00299107906428898
21.2333333333333,0.00113583117292613
21.25,0.000400038205078522
21.2666666666667,0
21.2833333333333,0
21.3,0
21.3166666666667,0
21.3333333333333,0
21.35,0
21.3666666666667,0
21.3833333333333,0
21.4,0
21.4166666666667,0
21.4333333333333,0
21.45,0.000501968479493289
21.4666666666667,0.00140628306097951
21.4833333333333,0.0036540324773131
21.5,0.00880595589707841
21.5166666666667,0.0196827599337108
21.5333333333333,0.0408038989703217
21.55,0.0784556366252462
21.5666666666667,0.139911671153257
21.5833333333333,0.231414929938062
21.6,0.355006755020378
21.6166666666667,0.505114329105799
21.6333333333333,0.666577193536527
21.65,0.815865569005957
21.6666666666667,0.926176380870047
21.6833333333333,0.975150724322249
21.7,0.952260342874316
21.7166666666667,0.862474346889168
21.7333333333333,0.724508844210425
21.75,0.564479972265432
21.7666666666667,0.407906752213432
21.7833333333333,0.27338883434916
21.8,0.169944858473426
21.8166666666667,0.0979811119236566
21.8333333333333,0.0523942126929506
21.85,0.0259854526278034
21.8666666666667,0.0119531537199175
21.8833333333333,0.00509963467304699
21.9,0.00201789661885984
21.9166666666667,0.000740561020695598
21.9333333333333,0
21.95,0
21.9666666666667,0
21.9833333333333,0
22,0
22.0166666666667,0
22.0333333333333,0
22.05,0
22.0666666666667,0
22.0833333333333,0
22.1,0
22.1166666666667,0.000207004992497338
22.1333333333333,0.000904441193124543
22.15,0.00242373508239622
22.1666666666667,0.00602412888802016
22.1833333333333,0.0138870060395777
22.2,0.0296912909286848
22.2166666666667,0.0588784401342003
22.2333333333333,0.108290607300576
22.25,0.184728083581461
22.2666666666667,0.292269104828824
22.2833333333333,0.428884936577392
22.3,0.583722546403069
22.3166666666667,0.736850988783073
22.3333333333333,0.862700360044038
22.35,0.936792737956824
22.3666666666667,0.943480140028194
22.3833333333333,0.881309365202591
22.4,0.763538417158659
22.4166666666667,0.613536837896955
22.4333333333333,0.457254340816207
22.45,0.31606944771829
22.4666666666667,0.202635052425088
22.4833333333333,0.120490757620201
22.5,0.0664507030294791
22.5166666666667,0.0339900286190199
22.5333333333333,0.0161253391143644
22.55,0.00709529865365282
22.5666666666667,0.00289558272392643
22.5833333333333,0.00109598239491523
22.6,0.000384744284710849
22.6166666666667,0
22.6333333333333,0
22.65,0
22.6666666666667,0
22.6833333333333,0
22.7,0
22.7166666666667,0
22.7333333333333,0
22.75,0
22.7666666666667,0
22.7833333333333,0
22.8,0
22.8166666666667,0
22.8333333333333,0
22.85,0
22.8666666666667,0.000127686590664977
22.8833333333333,0.000896043678350332
22.9,0.00240324310946859
22.9166666666667,0.00597824300218969
22.9333333333333,0.0137929563163658
22.95,0.0295154592263123
22.9666666666667,0.058580140285865
22.9833333333333,0.107835084049801
23,0.184110492275181
23.0166666666667,0.291548107913405
23.0333333333333,0.428198302555077
23.05,0.583288901189498
23.0666666666667,0.736932020489685
23.0833333333333,0.86352879333031
23.1,0.938496130958444
23.1166666666667,0.946008092351198
23.1333333333333,0.884431490593485
23.15,0.76690337429271
23.1666666666667,0.616771323814867
23.1833333333333,0.460060115940383
23.2,0.318281605240855
23.2166666666667,0.204227651346057
23.2333333333333,0.121541039338216
23.25,0.067086625994724
23.2666666666667,0.0343441372546927
23.2833333333333,0.0163069161770235
23.3,0.00718112363079704
23.3166666666667,0.00293300592050122
23.3333333333333,0.00111104576660801
23.35,0.000390388698422406
23.3666666666667,0
23.3833333333333,0
23.4,0
23.4166666666667,0
23.4333333333333,0
23.45,0
23.4666666666667,0
23.4833333333333,0
23.5,0
23.5166666666667,0
23.5333333333333,0
23.55,0
23.5666666666667,0
23.5833333333333,0
23.6,0
23.6166666666667,0
23.6333333333333,0
23.65,0
23.6666666666667,0
23.6833333333333,0
23.7,0
23.7166666666667,0
23.7333333333333,0.000714078978273518
23.75,0.00195210485241416
23.7666666666667,0.00494950026025841
23.7833333333333,0.0116391736458345
23.8,0.0253855546871187
23.8166666666667,0.0513518229636111
23.8333333333333,0.0963453167590817
23.85,0.167653094982325
23.8666666666667,0.270582247204311
23.8833333333333,0.405036500593665
23.9,0.562336650069248
23.9166666666667,0.724112509374388
23.9333333333333,0.864814688626833
23.95,0.957959541952949
23.9666666666667,0.984187811777637
23.9833333333333,0.937810193652891
24,0.828814543086084
24.0166666666667,0.679365520316277
24.0333333333333,0.516484104713336
24.05,0.364181699053751
24.0666666666667,0.238170076257649
24.0833333333333,0.144465537772081
24.1,0.081273546840223
24.1166666666667,0.0424074158363401
24.1333333333333,0.0205230375077863
24.15,0.00921187722889791
24.1666666666667,0.00383495790435942
24.1833333333333,0.00148073776503207
24.2,0.000530273327921041
24.2166666666667,0
24.2333333333333,0
24.25,0
24.2666666666667,0
24.2833333333333,0
24.3,0
24.3166666666667,0
24.3333333333333,0
24.35,0
24.3666666666667,0
24.3833333333333,0
24.4,0.000434855835558549
24.4166666666667,0.00123026201649663
24.4333333333333,0.00322812973792977
24.45,0.00785609447806804
24.4666666666667,0.0177323350256224
24.4833333333333,0.0371218566974834
24.5,0.0720773572947093
24.5166666666667,0.12979983650671
24.5333333333333,0.216798429506759
24.55,0.335849905698618
24.5666666666667,0.482549314805582
24.5833333333333,0.64305135059747
24.6,0.794798490359042
24.6166666666667,0.911120109098384
24.6333333333333,0.968726290833514
24.65,0.955284825789442
24.6666666666667,0.873716102575595
24.6833333333333,0.741158511814408
24.7,0.583121432275173
24.7166666666667,0.425514597570583
24.7333333333333,0.287990217978395
24.75,0.180779392881636
24.7666666666667,0.10525142084844
24.7833333333333,0.0568348415416505
24.8,0.0284648310953942
24.8166666666667,0.0132223702532839
24.8333333333333,0.00569660468771042
24.85,0.0022762926017038
24.8666666666667,0.000843615104825947
24.8833333333333,0
24.9,0
24.9166666666667,0
24.9333333333333,0
24.95,0
24.9666666666667,0
24.9833333333333,0
25,0
25.0166666666667,0
25.0333333333333,0
25.05,0
25.0666666666667,0
25.0833333333333,0
25.1,0
25.1166666666667,0
25.1333333333333,0
25.15,0
25.1666666666667,0
25.1833333333333,0
25.2,0
25.2166666666667,0.000859487968869462
25.2333333333333,0.00231311762416261
25.25,0.00577381627381887
25.2666666666667,0.0133670674293389
25.2833333333333,0.0287023665310598
25.3,0.0571620712678721
25.3166666666667,0.105586167839315
25.3333333333333,0.180890140098813
25.35,0.287432676834465
25.3666666666667,0.423604322144879
25.3833333333333,0.579013459680959
25.4,0.734043604169205
25.4166666666667,0.863099216403733
25.4333333333333,0.941251843350036
25.45,0.952045377113565
25.4666666666667,0.893133607862702
25.4833333333333,0.777109677253982
25.5,0.627126678925087
25.5166666666667,0.469391398115748
25.5333333333333,0.325852853293648
25.55,0.209804108653887
25.5666666666667,0.125288688698899
25.5833333333333,0.069392791496731
25.6,0.0356467984505349
25.6166666666667,0.0169835820745895
25.6333333333333,0.00750480518629689
25.65,0.00307573952705115
25.6666666666667,0.00116911758243742
25.6833333333333,0.000412204578863912
25.7,0
25.7166666666667,0
25.7333333333333,0
25.75,0
25.7666666666667,0
25.7833333333333,0
25.8,0
25.8166666666667,0
25.8333333333333,0
25.85,0
25.8666666666667,0
25.8833333333333,0
25.9,0
25.9166666666667,0
25.9333333333333,0.000396042759495682
25.95,0.00112655366118466
25.9666666666667,0.00297214908606453
25.9833333333333,0.00727274963174209
26,0.0165057894851706
26.0166666666667,0.0347458417722999
26.0333333333333,0.0678375242041254
26.05,0.122839786695855
26.0666666666667,0.206305681195536
26.0833333333333,0.321356735582489
26.1,0.464267819717221
26.1166666666667,0.62209317098005
26.1333333333333,0.773122892944184
26.15,0.891144842566494
26.1666666666667,0.952697424406818
26.1833333333333,0.944645197000971
26.2,0.868739241590501
26.2166666666667,0.740997843115264
26.2333333333333,0.586206833021652
26.25,0.430121078127651
26.2666666666667,0.292708833285189
26.2833333333333,0.184750393707654
26.3,0.108152957029884
26.3166666666667,0.0587210485903628
26.3333333333333,0.0295699331242095
26.35,0.0138112180791865
26.3666666666667,0.00598305646754286
26.3833333333333,0.00240393922317135
26.4,0.000895844750577991
26.4166666666667,8.03524123783539e-05
26.4333333333333,0
26.45,0
26.4666666666667,0
26.4833333333333,0.000323780143719162
26.5,0.000932621635713703
26.5166666666667,0.0024915257157891
26.5333333333333,0.00617349140757726
26.55,0.0141873973685407
26.5666666666667,0.030239994039017
26.5833333333333,0.05978170148097
26.6,0.109613187372534
26.6166666666667,0.186408413976738
26.6333333333333,0.294019702314558
26.65,0.430125769338606
26.6666666666667,0.583609468986105
26.6833333333333,0.734437559771955
26.7,0.857219734100437
26.7166666666667,0.927972237613152
26.7333333333333,0.931716974343084
26.75,0.867640348144443
26.7666666666667,0.750132678066237
26.7833333333333,0.602355066067173
26.8,0.451195093161676
26.8166666666667,0.31949352006265
26.8333333333333,0.222839993510879
26.85,0.169688517334562
26.8666666666667,0.163606592891985
26.8833333333333,0.205402498794626
26.9,0.293398922315939
26.9166666666667,0.421569582398919
26.9333333333333,0.576869223562604
26.95,0.738040836997644
26.9666666666667,0.877860857167638
26.9833333333333,0.969013976395107
27,0.992477794331171
27.0166666666667,0.942788275428428
27.0333333333333,0.830642344108829
27.05,0.678767451357521
27.0666666666667,0.514440762535156
27.0833333333333,0.361624110937721
27.1,0.235769209291807
27.1166666666667,0.142568769712778
27.1333333333333,0.0799593162039225
27.15,0.0415930422866606
27.1666666666667,0.0200668261394696
27.1833333333333,0.00897929743279838
27.2,0.00372658328252435
27.2166666666667,0.00143444234636387
27.2333333333333,0.000512103802386625
27.25,0
27.2666666666667,0
27.2833333333333,0
27.3,0
27.3166666666667,0
27.3333333333333,0
27.35,0
27.3666666666667,0
27.3833333333333,0
27.4,0
27.4166666666667,0
27.4333333333333,0
27.45,0.000599755918638079
27.4666666666667,0.00165734497165205
27.4833333333333,0.00424770871097863
27.5,0.0100972021690271
27.5166666666667,0.0222614175990527
27.5333333333333,0.0455208957319859
27.55,0.086332760197955
27.5666666666667,0.151861529627952
27.5833333333333,0.247757920669162
27.6,0.374899722593949
27.6166666666667,0.526151106211507
27.6333333333333,0.684878447747756
27.65,0.826844504166121
27.6666666666667,0.925850903349614
27.6833333333333,0.961526190700452
27.7,0.926162454402867
27.7166666666667,0.827408222053854
27.7333333333333,0.685582253094077
27.75,0.526873900853613
27.7666666666667,0.37554444610551
27.7833333333333,0.248269596103385
27.8,0.152227497976388
27.8166666666667,0.0865704636599108
27.8333333333333,0.0456617939931054
27.85,0.022337890948573
27.8666666666667,0.0101352988100136
27.8833333333333,0.00426515893630817
27.9,0.00166470423440712
27.9166666666667,0.000602616392614995
27.9333333333333,0
27.95,0
27.9666666666667,0
27.9833333333333,0
28,0
28.0166666666667,0
28.0333333333333,0
28.05,0
28.0666666666667,0
28.0833333333333,0
28.1,0
28.1166666666667,0
28.1333333333333,0
28.15,0
28.1666666666667,0
28.1833333333333,0
28.2,0.000353702205520721
28.2166666666667,0.00101582973315568
28.2333333333333,0.00270589328563968
28.25,0.00668509762946849
28.2666666666667,0.0153183781341198
28.2833333333333,0.0325556373592269
28.3,0.0641724007566061
28.3166666666667,0.11732192102495
28.3333333333333,0.198938483719575
28.35,0.312875373098481
28.3666666666667,0.456380455616469
28.3833333333333,0.617428680933311
28.4,0.775124345141406
28.4166666666667,0.902730372951264
28.4333333333333,0.976124442359563
28.45,0.981436273395884
28.4666666666667,0.920849686945862
28.4833333333333,0.813123197426198
28.5,0.688632281074288
28.5166666666667,0.580913258810994
28.5333333333333,0.517740300411778
28.55,0.514294278313172
28.5666666666667,0.569767251224412
28.5833333333333,0.667756343673476
28.6,0.780308202939151
28.6166666666667,0.875012472618323
28.6333333333333,0.923660540591357
28.65,0.909969304083309
28.6666666666667,0.833622728152751
28.6833333333333,0.709051750069062
28.7,0.55948895302515
28.7166666666667,0.40967211861386
28.7333333333333,0.278220484363316
28.75,0.175246641372119
28.7666666666667,0.102909557806622
28.7833333333333,0.0569458133256414
28.8,0.0316749877984213
28.8166666666667,0.0220786841555002
28.8333333333333,0.0257796802394687
28.85,0.0437569676423756
28.8666666666667,0.0800812949645689
28.8833333333333,0.140326873223314
28.9,0.230475465589755
28.9166666666667,0.351088137946968
28.9333333333333,0.496038405687294
28.95,0.650013044279191
28.9666666666667,0.790016638809087
28.9833333333333,0.891011079781501
29,0.932379821948512
29.0166666666667,0.906256438421894
29.0333333333333,0.820248655266778
29.05,0.695878872297912
29.0666666666667,0.562699693426191
29.0833333333333,0.450800036159071
29.1,0.384349823851515
29.1166666666667,0.377496851509626
29.1333333333333,0.432456521123546
29.15,0.539133763372124
29.1666666666667,0.676198398576567
29.1833333333333,0.814291719003526
29.2,0.921887275503583
29.2166666666667,0.972998923255132
29.2333333333333,0.954306350613396
29.25,0.868504473432512
29.2666666666667,0.733591448435351
29.2833333333333,0.57470118135953
29.3,0.417575299539119
29.3166666666667,0.281404798302264
29.3333333333333,0.175885946456293
29.35,0.101963434534703
29.3666666666667,0.0548234791134615
29.3833333333333,0.027339940569255
29.4,0.0126455357391276
29.4166666666667,0.00542481949036632
29.4333333333333,0.00215844646348074
29.45,0.000796534489949152
29.4666666666667,0
29.4833333333333,0
29.5,0
29.5166666666667,0
29.5333333333333,0
29.55,0
29.5666666666667,0
29.5833333333333,0.000450012308510996
29.6,0.00126675275574467
29.6166666666667,0.00330725509490126
29.6333333333333,0.00800852261220634
29.65,0.0179864866365504
29.6666666666667,0.0374670655025672
29.6833333333333,0.0723896450152653
29.7,0.129719298125072
29.7166666666667,0.215593333085703
29.7333333333333,0.332330142513299
29.75,0.475125942373052
29.7666666666667,0.630018268697538
29.7833333333333,0.774824894996171
29.8,0.883813227106787
29.8166666666667,0.935027243653043
29.8333333333333,0.917476702432305
29.85,0.834973814851574
29.8666666666667,0.704786475577925
29.8833333333333,0.551758294027899
29.9,0.400632646540283
29.9166666666667,0.269804606668773
29.9333333333333,0.168522229149754
29.95,0.0976267749491242
29.9666666666667,0.0524545978408599
29.9833333333333,0.0261396560317182
30,0.0120813799326896
